candidate_name,category,fit_level,experience_years,education,skills,certifications,resume_text,clean_text,match_score,match_percent,job_role,rank
Hemangini Lalla,Data Science,high,4,M.Sc Data Science,"Deep Learning, Statistics, NumPy, Feature Engineering, Tableau, SQL, PyTorch, Power BI, XGBoost, Matplotlib, Data Visualization, spaCy","IBM Data Science Professional, TensorFlow Developer Certificate","Name: Hemangini Lalla
Email: sharafjeet@example.com | Phone: +918495931034 | Location: Pune

EDUCATION
M.Sc Data Science — BITS Pilani (2018)

SKILLS
Deep Learning, Statistics, NumPy, Feature Engineering, Tableau, SQL, PyTorch, Power BI, XGBoost, Matplotlib, Data Visualization, spaCy

EXPERIENCE
Data Science Intern / Junior Data Scientist — BYJU'S (4 years)
Worked on data science projects involving data handling, cross-functional collaboration, and delivery of production-ready solutions.

PROJECTS
• NLP Sentiment Analyzer: Developed a sentiment classification system using NLTK, spaCy, and Logistic Regression on Amazon product reviews dataset.
• Stock Price Forecasting: Implemented LSTM using TensorFlow/Keras to forecast stock prices, achieving RMSE of 4.2 on NSE data.
• COVID-19 Dashboard: Built an interactive data visualization dashboard using Tableau and Python to track COVID trends across Indian states.

CERTIFICATIONS
• IBM Data Science Professional
• TensorFlow Developer Certificate

LANGUAGES
Gujarati, Tamil",name hemangini lalla email phone location pune education m sc data science bits pilani skills deep learning statistics numpy feature engineering tableau sql pytorch power bi xgboost matplotlib data visualization spacy experience data science intern junior data scientist byju s years worked on data science projects involving data handling cross functional collaboration and delivery of production ready solutions projects nlp sentiment analyzer developed a sentiment classification system using nltk spacy and logistic regression on amazon product reviews dataset stock price forecasting implemented lstm using tensorflow keras to forecast stock prices achieving rmse of on nse data covid dashboard built an interactive data visualization dashboard using tableau and python to track covid trends across indian states certifications ibm data science professional tensorflow developer certificate languages gujarati tamil,0.26781997941839936,26.78,Data Scientist,1
Aryan Maharaj,Data Science,high,2,B.Sc Statistics,"NumPy, Pandas, NLTK, TensorFlow, Deep Learning, XGBoost, Machine Learning, LightGBM, Tableau, R, Python, OpenCV",,"Name: Aryan Maharaj
Email: udantdewan@example.net | Phone: +918196001338 | Location: Gurugram

EDUCATION
B.Sc Statistics — Netaji Subhas University of Technology (2022)

SKILLS
NumPy, Pandas, NLTK, TensorFlow, Deep Learning, XGBoost, Machine Learning, LightGBM, Tableau, R, Python, OpenCV

EXPERIENCE
Data Science Intern / Junior Data Scientist — BYJU'S (2 years)
Worked on data science projects involving data handling, cross-functional collaboration, and delivery of production-ready solutions.

PROJECTS
• Stock Price Forecasting: Implemented LSTM using TensorFlow/Keras to forecast stock prices, achieving RMSE of 4.2 on NSE data.
• Customer Churn Prediction: Built a machine learning model using scikit-learn and XGBoost to predict customer churn with 88% accuracy on telecom data.
• COVID-19 Dashboard: Built an interactive data visualization dashboard using Tableau and Python to track COVID trends across Indian states.

LANGUAGES
Marathi, Hindi",name aryan maharaj email phone location gurugram education b sc statistics netaji subhas university of technology skills numpy pandas nltk tensorflow deep learning xgboost machine learning lightgbm tableau r python opencv experience data science intern junior data scientist byju s years worked on data science projects involving data handling cross functional collaboration and delivery of production ready solutions projects stock price forecasting implemented lstm using tensorflow keras to forecast stock prices achieving rmse of on nse data customer churn prediction built a machine learning model using scikit learn and xgboost to predict customer churn with accuracy on telecom data covid dashboard built an interactive data visualization dashboard using tableau and python to track covid trends across indian states languages marathi hindi,0.2670428913508137,26.7,Data Scientist,2
Rushil Saini,Data Science,high,5,MCA,"TensorFlow, scikit-learn, Seaborn, Deep Learning, Machine Learning, Statistics, Keras, SQL, LightGBM, NLP, R, spaCy",,"Name: Rushil Saini
Email: saumyamall@example.org | Phone: +916542351161 | Location: Bengaluru

EDUCATION
MCA — VIT Vellore (2018)

SKILLS
TensorFlow, scikit-learn, Seaborn, Deep Learning, Machine Learning, Statistics, Keras, SQL, LightGBM, NLP, R, spaCy

EXPERIENCE
Data Science Intern / Junior Data Scientist — Amazon India (5 years)
Worked on data science projects involving data handling, cross-functional collaboration, and delivery of production-ready solutions.

PROJECTS
• NLP Sentiment Analyzer: Developed a sentiment classification system using NLTK, spaCy, and Logistic Regression on Amazon product reviews dataset.

LANGUAGES
Bengali, Telugu, Hindi",name rushil saini email phone location bengaluru education mca vit vellore skills tensorflow scikit learn seaborn deep learning machine learning statistics keras sql lightgbm nlp r spacy experience data science intern junior data scientist amazon india years worked on data science projects involving data handling cross functional collaboration and delivery of production ready solutions projects nlp sentiment analyzer developed a sentiment classification system using nltk spacy and logistic regression on amazon product reviews dataset languages bengali telugu hindi,0.25105446028359735,25.11,Data Scientist,3
Neel Zacharia,Data Science,medium,3,B.Sc Statistics,"SQL, Data Visualization, Feature Engineering, OpenCV, R, spaCy, TensorFlow, Machine Learning, AWS Glue, Scala",,"Name: Neel Zacharia
Email: naikvrinda@example.org | Phone: +915430391171 | Location: Hyderabad

EDUCATION
B.Sc Statistics — Netaji Subhas University of Technology (2022)

SKILLS
SQL, Data Visualization, Feature Engineering, OpenCV, R, spaCy, TensorFlow, Machine Learning, AWS Glue, Scala

EXPERIENCE
Data Science Intern / Junior Data Scientist — Zomato (3 years)
Worked on data science projects involving data handling, cross-functional collaboration, and delivery of production-ready solutions.

PROJECTS
• COVID-19 Dashboard: Built an interactive data visualization dashboard using Tableau and Python to track COVID trends across Indian states.

LANGUAGES
Punjabi, Gujarati, Tamil",name neel zacharia email phone location hyderabad education b sc statistics netaji subhas university of technology skills sql data visualization feature engineering opencv r spacy tensorflow machine learning aws glue scala experience data science intern junior data scientist zomato years worked on data science projects involving data handling cross functional collaboration and delivery of production ready solutions projects covid dashboard built an interactive data visualization dashboard using tableau and python to track covid trends across indian states languages punjabi gujarati tamil,0.24369178732607952,24.37,Data Scientist,4
Viraj Chaudhuri,Data Science,high,2,M.Sc Data Science,"spaCy, Seaborn, Statistics, NumPy, Machine Learning, scikit-learn, LightGBM, NLTK, Matplotlib, Power BI, XGBoost, Tableau",,"Name: Viraj Chaudhuri
Email: dmall@example.net | Phone: 02553419283 | Location: Noida

EDUCATION
M.Sc Data Science — SRM Institute of Science and Technology (2019)

SKILLS
spaCy, Seaborn, Statistics, NumPy, Machine Learning, scikit-learn, LightGBM, NLTK, Matplotlib, Power BI, XGBoost, Tableau

EXPERIENCE
Data Science Intern / Junior Data Scientist — IBM India (2 years)
Worked on data science projects involving data handling, cross-functional collaboration, and delivery of production-ready solutions.

PROJECTS
• COVID-19 Dashboard: Built an interactive data visualization dashboard using Tableau and Python to track COVID trends across Indian states.
• NLP Sentiment Analyzer: Developed a sentiment classification system using NLTK, spaCy, and Logistic Regression on Amazon product reviews dataset.
• Customer Churn Prediction: Built a machine learning model using scikit-learn and XGBoost to predict customer churn with 88% accuracy on telecom data.

LANGUAGES
Telugu, Bengali",name viraj chaudhuri email phone location noida education m sc data science srm institute of science and technology skills spacy seaborn statistics numpy machine learning scikit learn lightgbm nltk matplotlib power bi xgboost tableau experience data science intern junior data scientist ibm india years worked on data science projects involving data handling cross functional collaboration and delivery of production ready solutions projects covid dashboard built an interactive data visualization dashboard using tableau and python to track covid trends across indian states nlp sentiment analyzer developed a sentiment classification system using nltk spacy and logistic regression on amazon product reviews dataset customer churn prediction built a machine learning model using scikit learn and xgboost to predict customer churn with accuracy on telecom data languages telugu bengali,0.21803110193674796,21.8,Data Scientist,5
Chaaya Saran,Data Science,medium,1,B.Sc Mathematics,"Python, LightGBM, XGBoost, Pandas, Machine Learning, spaCy, Deep Learning, Seaborn, Bootstrap, Node.js",IBM Data Science Professional,"Name: Chaaya Saran
Email: sudikshaaggarwal@example.net | Phone: 4828148932 | Location: Gurugram

EDUCATION
B.Sc Mathematics — Netaji Subhas University of Technology (2020)

SKILLS
Python, LightGBM, XGBoost, Pandas, Machine Learning, spaCy, Deep Learning, Seaborn, Bootstrap, Node.js

EXPERIENCE
Data Science Intern / Junior Data Scientist — MakeMyTrip (1 year)
Worked on data science projects involving data handling, cross-functional collaboration, and delivery of production-ready solutions.

PROJECTS
• NLP Sentiment Analyzer: Developed a sentiment classification system using NLTK, spaCy, and Logistic Regression on Amazon product reviews dataset.
• Customer Churn Prediction: Built a machine learning model using scikit-learn and XGBoost to predict customer churn with 88% accuracy on telecom data.

CERTIFICATIONS
• IBM Data Science Professional

LANGUAGES
Gujarati, Hindi",name chaaya saran email phone location gurugram education b sc mathematics netaji subhas university of technology skills python lightgbm xgboost pandas machine learning spacy deep learning seaborn bootstrap node js experience data science intern junior data scientist makemytrip year worked on data science projects involving data handling cross functional collaboration and delivery of production ready solutions projects nlp sentiment analyzer developed a sentiment classification system using nltk spacy and logistic regression on amazon product reviews dataset customer churn prediction built a machine learning model using scikit learn and xgboost to predict customer churn with accuracy on telecom data certifications ibm data science professional languages gujarati hindi,0.2099094922356724,20.99,Data Scientist,6
Turvi Raghavan,Data Science,high,3,MCA,"Machine Learning, NLTK, R, Deep Learning, TensorFlow, Tableau, PyTorch, Data Visualization, Pandas, LightGBM, OpenCV, NLP",,"Name: Turvi Raghavan
Email: theodore50@example.org | Phone: +915641395376 | Location: Chennai

EDUCATION
MCA — VIT Vellore (2020)

SKILLS
Machine Learning, NLTK, R, Deep Learning, TensorFlow, Tableau, PyTorch, Data Visualization, Pandas, LightGBM, OpenCV, NLP

EXPERIENCE
Data Science Intern / Junior Data Scientist — PhonePe (3 years)
Worked on data science projects involving data handling, cross-functional collaboration, and delivery of production-ready solutions.

PROJECTS
• Stock Price Forecasting: Implemented LSTM using TensorFlow/Keras to forecast stock prices, achieving RMSE of 4.2 on NSE data.

LANGUAGES
Telugu, Marathi",name turvi raghavan email phone location chennai education mca vit vellore skills machine learning nltk r deep learning tensorflow tableau pytorch data visualization pandas lightgbm opencv nlp experience data science intern junior data scientist phonepe years worked on data science projects involving data handling cross functional collaboration and delivery of production ready solutions projects stock price forecasting implemented lstm using tensorflow keras to forecast stock prices achieving rmse of on nse data languages telugu marathi,0.20973225781311794,20.97,Data Scientist,7
Darsh Rau,Data Science,medium,3,B.Tech CSE,"Matplotlib, Jupyter Notebook, spaCy, Tableau, Computer Vision, Python, Power BI, Seaborn, AWS, MySQL",AWS ML Specialty,"Name: Darsh Rau
Email: ikbal33@example.org | Phone: 7262473178 | Location: Pune

EDUCATION
B.Tech CSE — NIT Trichy (2022)

SKILLS
Matplotlib, Jupyter Notebook, spaCy, Tableau, Computer Vision, Python, Power BI, Seaborn, AWS, MySQL

EXPERIENCE
Data Science Intern / Junior Data Scientist — Tech Mahindra (3 years)
Worked on data science projects involving data handling, cross-functional collaboration, and delivery of production-ready solutions.

PROJECTS
• COVID-19 Dashboard: Built an interactive data visualization dashboard using Tableau and Python to track COVID trends across Indian states.
• NLP Sentiment Analyzer: Developed a sentiment classification system using NLTK, spaCy, and Logistic Regression on Amazon product reviews dataset.
• Customer Churn Prediction: Built a machine learning model using scikit-learn and XGBoost to predict customer churn with 88% accuracy on telecom data.

CERTIFICATIONS
• AWS ML Specialty

LANGUAGES
Bengali, Hindi",name darsh rau email phone location pune education b tech cse nit trichy skills matplotlib jupyter notebook spacy tableau computer vision python power bi seaborn aws mysql experience data science intern junior data scientist tech mahindra years worked on data science projects involving data handling cross functional collaboration and delivery of production ready solutions projects covid dashboard built an interactive data visualization dashboard using tableau and python to track covid trends across indian states nlp sentiment analyzer developed a sentiment classification system using nltk spacy and logistic regression on amazon product reviews dataset customer churn prediction built a machine learning model using scikit learn and xgboost to predict customer churn with accuracy on telecom data certifications aws ml specialty languages bengali hindi,0.20814715965586217,20.81,Data Scientist,8
Umang Bhatt,Data Science,medium,1,B.Tech CSE,"LightGBM, OpenCV, XGBoost, R, Seaborn, Machine Learning, spaCy, Keras, Hadoop, GCP","Google Data Analytics Certificate, IBM Data Science Professional","Name: Umang Bhatt
Email: ansh98@example.org | Phone: 3010310518 | Location: New Delhi

EDUCATION
B.Tech CSE — Lovely Professional University (2019)

SKILLS
LightGBM, OpenCV, XGBoost, R, Seaborn, Machine Learning, spaCy, Keras, Hadoop, GCP

EXPERIENCE
Data Science Intern / Junior Data Scientist — Wipro (1 year)
Worked on data science projects involving data handling, cross-functional collaboration, and delivery of production-ready solutions.

PROJECTS
• Customer Churn Prediction: Built a machine learning model using scikit-learn and XGBoost to predict customer churn with 88% accuracy on telecom data.
• NLP Sentiment Analyzer: Developed a sentiment classification system using NLTK, spaCy, and Logistic Regression on Amazon product reviews dataset.
• Stock Price Forecasting: Implemented LSTM using TensorFlow/Keras to forecast stock prices, achieving RMSE of 4.2 on NSE data.

CERTIFICATIONS
• Google Data Analytics Certificate
• IBM Data Science Professional

LANGUAGES
Hindi, Telugu, Gujarati",name umang bhatt email phone location new delhi education b tech cse lovely professional university skills lightgbm opencv xgboost r seaborn machine learning spacy keras hadoop gcp experience data science intern junior data scientist wipro year worked on data science projects involving data handling cross functional collaboration and delivery of production ready solutions projects customer churn prediction built a machine learning model using scikit learn and xgboost to predict customer churn with accuracy on telecom data nlp sentiment analyzer developed a sentiment classification system using nltk spacy and logistic regression on amazon product reviews dataset stock price forecasting implemented lstm using tensorflow keras to forecast stock prices achieving rmse of on nse data certifications google data analytics certificate ibm data science professional languages hindi telugu gujarati,0.20279567952466493,20.28,Data Scientist,9
Aradhana Basu,Data Science,low,1,M.Sc Data Science,"Feature Engineering, Power BI, scikit-learn, MS Excel, Linux, Payroll, People Analytics, PostgreSQL",,"Name: Aradhana Basu
Email: nathkalpit@example.net | Phone: 02786801128 | Location: Pune

EDUCATION
M.Sc Data Science — BITS Pilani (2022)

SKILLS
Feature Engineering, Power BI, scikit-learn, MS Excel, Linux, Payroll, People Analytics, PostgreSQL

EXPERIENCE
Data Science Intern / Junior Data Scientist — Microsoft India (1 year)
Worked on data science projects involving data handling, cross-functional collaboration, and delivery of production-ready solutions.

PROJECTS
• NLP Sentiment Analyzer: Developed a sentiment classification system using NLTK, spaCy, and Logistic Regression on Amazon product reviews dataset.

LANGUAGES
Tamil, Bengali",name aradhana basu email phone location pune education m sc data science bits pilani skills feature engineering power bi scikit learn ms excel linux payroll people analytics postgresql experience data science intern junior data scientist microsoft india year worked on data science projects involving data handling cross functional collaboration and delivery of production ready solutions projects nlp sentiment analyzer developed a sentiment classification system using nltk spacy and logistic regression on amazon product reviews dataset languages tamil bengali,0.19559152681039801,19.56,Data Scientist,10
Arya Sunder,Data Science,medium,1,B.Sc Mathematics,"Keras, Seaborn, Pandas, NumPy, Statistics, TensorFlow, Data Visualization, LightGBM, Java, MySQL","IBM Data Science Professional, AWS ML Specialty","Name: Arya Sunder
Email: kevinsolanki@example.org | Phone: 06311656670 | Location: Hyderabad

EDUCATION
B.Sc Mathematics — Manipal Institute of Technology (2018)

SKILLS
Keras, Seaborn, Pandas, NumPy, Statistics, TensorFlow, Data Visualization, LightGBM, Java, MySQL

EXPERIENCE
Data Science Intern / Junior Data Scientist — Wipro (1 year)
Worked on data science projects involving data handling, cross-functional collaboration, and delivery of production-ready solutions.

PROJECTS
• Stock Price Forecasting: Implemented LSTM using TensorFlow/Keras to forecast stock prices, achieving RMSE of 4.2 on NSE data.
• Customer Churn Prediction: Built a machine learning model using scikit-learn and XGBoost to predict customer churn with 88% accuracy on telecom data.

CERTIFICATIONS
• IBM Data Science Professional
• AWS ML Specialty

LANGUAGES
Bengali, English",name arya sunder email phone location hyderabad education b sc mathematics manipal institute of technology skills keras seaborn pandas numpy statistics tensorflow data visualization lightgbm java mysql experience data science intern junior data scientist wipro year worked on data science projects involving data handling cross functional collaboration and delivery of production ready solutions projects stock price forecasting implemented lstm using tensorflow keras to forecast stock prices achieving rmse of on nse data customer churn prediction built a machine learning model using scikit learn and xgboost to predict customer churn with accuracy on telecom data certifications ibm data science professional aws ml specialty languages bengali english,0.1877216047098518,18.77,Data Scientist,11
Luke Lanka,Data Science,medium,1,B.Sc Statistics,"Python, OpenCV, NumPy, Computer Vision, NLTK, scikit-learn, Jupyter Notebook, TensorFlow, MVVM, Kubernetes",,"Name: Luke Lanka
Email: yatinyohannan@example.com | Phone: 9696532871 | Location: Chennai

EDUCATION
B.Sc Statistics — VIT Vellore (2024)

SKILLS
Python, OpenCV, NumPy, Computer Vision, NLTK, scikit-learn, Jupyter Notebook, TensorFlow, MVVM, Kubernetes

EXPERIENCE
Data Science Intern / Junior Data Scientist — Paytm (1 year)
Worked on data science projects involving data handling, cross-functional collaboration, and delivery of production-ready solutions.

PROJECTS
• NLP Sentiment Analyzer: Developed a sentiment classification system using NLTK, spaCy, and Logistic Regression on Amazon product reviews dataset.
• Customer Churn Prediction: Built a machine learning model using scikit-learn and XGBoost to predict customer churn with 88% accuracy on telecom data.

LANGUAGES
Gujarati, English, Marathi",name luke lanka email phone location chennai education b sc statistics vit vellore skills python opencv numpy computer vision nltk scikit learn jupyter notebook tensorflow mvvm kubernetes experience data science intern junior data scientist paytm year worked on data science projects involving data handling cross functional collaboration and delivery of production ready solutions projects nlp sentiment analyzer developed a sentiment classification system using nltk spacy and logistic regression on amazon product reviews dataset customer churn prediction built a machine learning model using scikit learn and xgboost to predict customer churn with accuracy on telecom data languages gujarati english marathi,0.18740435912418893,18.74,Data Scientist,12
Tanay Toor,Data Science,low,2,M.Sc Data Science,"scikit-learn, NumPy, R, TypeScript, Next.js, Redis, Webpack, Figma",,"Name: Tanay Toor
Email: kevin51@example.org | Phone: 04278498084 | Location: Chennai

EDUCATION
M.Sc Data Science — BITS Pilani (2019)

SKILLS
scikit-learn, NumPy, R, TypeScript, Next.js, Redis, Webpack, Figma

EXPERIENCE
Data Science Intern / Junior Data Scientist — Google India (2 years)
Worked on data science projects involving data handling, cross-functional collaboration, and delivery of production-ready solutions.

PROJECTS
• Customer Churn Prediction: Built a machine learning model using scikit-learn and XGBoost to predict customer churn with 88% accuracy on telecom data.
• Stock Price Forecasting: Implemented LSTM using TensorFlow/Keras to forecast stock prices, achieving RMSE of 4.2 on NSE data.
• NLP Sentiment Analyzer: Developed a sentiment classification system using NLTK, spaCy, and Logistic Regression on Amazon product reviews dataset.

LANGUAGES
Hindi, Bengali, Punjabi",name tanay toor email phone location chennai education m sc data science bits pilani skills scikit learn numpy r typescript next js redis webpack figma experience data science intern junior data scientist google india years worked on data science projects involving data handling cross functional collaboration and delivery of production ready solutions projects customer churn prediction built a machine learning model using scikit learn and xgboost to predict customer churn with accuracy on telecom data stock price forecasting implemented lstm using tensorflow keras to forecast stock prices achieving rmse of on nse data nlp sentiment analyzer developed a sentiment classification system using nltk spacy and logistic regression on amazon product reviews dataset languages hindi bengali punjabi,0.16003018469057928,16.0,Data Scientist,13
Kabir Soman,Data Science,medium,1,B.Sc Statistics,"XGBoost, Python, Machine Learning, NLTK, Pandas, NumPy, Computer Vision, Jupyter Notebook, Kubernetes, Hadoop",Coursera ML Specialization,"Name: Kabir Soman
Email: alkawable@example.net | Phone: 03834657871 | Location: Gurugram

EDUCATION
B.Sc Statistics — Bennett University (2018)

SKILLS
XGBoost, Python, Machine Learning, NLTK, Pandas, NumPy, Computer Vision, Jupyter Notebook, Kubernetes, Hadoop

EXPERIENCE
Data Science Intern / Junior Data Scientist — Amazon India (1 year)
Worked on data science projects involving data handling, cross-functional collaboration, and delivery of production-ready solutions.

PROJECTS
• NLP Sentiment Analyzer: Developed a sentiment classification system using NLTK, spaCy, and Logistic Regression on Amazon product reviews dataset.

CERTIFICATIONS
• Coursera ML Specialization

LANGUAGES
Marathi, Bengali, Gujarati",name kabir soman email phone location gurugram education b sc statistics bennett university skills xgboost python machine learning nltk pandas numpy computer vision jupyter notebook kubernetes hadoop experience data science intern junior data scientist amazon india year worked on data science projects involving data handling cross functional collaboration and delivery of production ready solutions projects nlp sentiment analyzer developed a sentiment classification system using nltk spacy and logistic regression on amazon product reviews dataset certifications coursera ml specialization languages marathi bengali gujarati,0.15913060449784466,15.91,Data Scientist,14
Chandresh Zachariah,Data Science,low,1,M.Sc Data Science,"NumPy, R, Python, GitHub Actions, Push Notifications, LiveData, AWS, Prometheus",,"Name: Chandresh Zachariah
Email: chanderwarjas@example.org | Phone: 07736026064 | Location: Mumbai

EDUCATION
M.Sc Data Science — Bennett University (2022)

SKILLS
NumPy, R, Python, GitHub Actions, Push Notifications, LiveData, AWS, Prometheus

EXPERIENCE
Data Science Intern / Junior Data Scientist — TCS (1 year)
Worked on data science projects involving data handling, cross-functional collaboration, and delivery of production-ready solutions.

PROJECTS
• Customer Churn Prediction: Built a machine learning model using scikit-learn and XGBoost to predict customer churn with 88% accuracy on telecom data.
• NLP Sentiment Analyzer: Developed a sentiment classification system using NLTK, spaCy, and Logistic Regression on Amazon product reviews dataset.
• COVID-19 Dashboard: Built an interactive data visualization dashboard using Tableau and Python to track COVID trends across Indian states.

LANGUAGES
Hindi, Bengali",name chandresh zachariah email phone location mumbai education m sc data science bennett university skills numpy r python github actions push notifications livedata aws prometheus experience data science intern junior data scientist tcs year worked on data science projects involving data handling cross functional collaboration and delivery of production ready solutions projects customer churn prediction built a machine learning model using scikit learn and xgboost to predict customer churn with accuracy on telecom data nlp sentiment analyzer developed a sentiment classification system using nltk spacy and logistic regression on amazon product reviews dataset covid dashboard built an interactive data visualization dashboard using tableau and python to track covid trends across indian states languages hindi bengali,0.15629407329324335,15.63,Data Scientist,15
Bhavika Sampath,Data Science,low,0,B.Sc Mathematics,"Matplotlib, SQL, R, Security, Google Maps API, Networking, SQLite, Docker",,"Name: Bhavika Sampath
Email: mdubey@example.com | Phone: +910980500978 | Location: Mumbai

EDUCATION
B.Sc Mathematics — KIIT University (2024)

SKILLS
Matplotlib, SQL, R, Security, Google Maps API, Networking, SQLite, Docker

PROJECTS
• Customer Churn Prediction: Built a machine learning model using scikit-learn and XGBoost to predict customer churn with 88% accuracy on telecom data.
• COVID-19 Dashboard: Built an interactive data visualization dashboard using Tableau and Python to track COVID trends across Indian states.

LANGUAGES
Punjabi, Hindi, Marathi",name bhavika sampath email phone location mumbai education b sc mathematics kiit university skills matplotlib sql r security google maps api networking sqlite docker projects customer churn prediction built a machine learning model using scikit learn and xgboost to predict customer churn with accuracy on telecom data covid dashboard built an interactive data visualization dashboard using tableau and python to track covid trends across indian states languages punjabi hindi marathi,0.13244620301309049,13.24,Data Scientist,16
Diya Lal,Data Science,low,1,M.Tech AI,"Machine Learning, NLTK, Matplotlib, Cassandra, Data Warehousing, Navigation Component, Kotlin, Room Database",,"Name: Diya Lal
Email: diptakhare@example.com | Phone: 02475107991 | Location: Noida

EDUCATION
M.Tech AI — Guru Gobind Singh Indraprastha University (2022)

SKILLS
Machine Learning, NLTK, Matplotlib, Cassandra, Data Warehousing, Navigation Component, Kotlin, Room Database

EXPERIENCE
Data Science Intern / Junior Data Scientist — IBM India (1 year)
Worked on data science projects involving data handling, cross-functional collaboration, and delivery of production-ready solutions.

PROJECTS
• Stock Price Forecasting: Implemented LSTM using TensorFlow/Keras to forecast stock prices, achieving RMSE of 4.2 on NSE data.
• NLP Sentiment Analyzer: Developed a sentiment classification system using NLTK, spaCy, and Logistic Regression on Amazon product reviews dataset.

LANGUAGES
Hindi, Telugu",name diya lal email phone location noida education m tech ai guru gobind singh indraprastha university skills machine learning nltk matplotlib cassandra data warehousing navigation component kotlin room database experience data science intern junior data scientist ibm india year worked on data science projects involving data handling cross functional collaboration and delivery of production ready solutions projects stock price forecasting implemented lstm using tensorflow keras to forecast stock prices achieving rmse of on nse data nlp sentiment analyzer developed a sentiment classification system using nltk spacy and logistic regression on amazon product reviews dataset languages hindi telugu,0.12166993245994263,12.17,Data Scientist,17
Imaran Dua,Data Science,medium,3,B.Sc Mathematics,"Machine Learning, OpenCV, NLP, NLTK, XGBoost, PyTorch, spaCy, LightGBM, Exit Management, Grafana","IBM Data Science Professional, AWS ML Specialty","Name: Imaran Dua
Email: pahalbhatt@example.com | Phone: 09784801845 | Location: Gurugram

EDUCATION
B.Sc Mathematics — Bennett University (2019)

SKILLS
Machine Learning, OpenCV, NLP, NLTK, XGBoost, PyTorch, spaCy, LightGBM, Exit Management, Grafana

EXPERIENCE
Data Science Intern / Junior Data Scientist — PhonePe (3 years)
Worked on data science projects involving data handling, cross-functional collaboration, and delivery of production-ready solutions.

PROJECTS
• NLP Sentiment Analyzer: Developed a sentiment classification system using NLTK, spaCy, and Logistic Regression on Amazon product reviews dataset.

CERTIFICATIONS
• IBM Data Science Professional
• AWS ML Specialty

LANGUAGES
Bengali, Tamil, Telugu",name imaran dua email phone location gurugram education b sc mathematics bennett university skills machine learning opencv nlp nltk xgboost pytorch spacy lightgbm exit management grafana experience data science intern junior data scientist phonepe years worked on data science projects involving data handling cross functional collaboration and delivery of production ready solutions projects nlp sentiment analyzer developed a sentiment classification system using nltk spacy and logistic regression on amazon product reviews dataset certifications ibm data science professional aws ml specialty languages bengali tamil telugu,0.12114467221158409,12.11,Data Scientist,18
Krish Lalla,Data Science,low,1,M.Sc Data Science,"Seaborn, Statistics, NLTK, Jetpack Compose, Git, Networking, CI/CD, Security",,"Name: Krish Lalla
Email: chhabranachiket@example.com | Phone: 09353487401 | Location: Pune

EDUCATION
M.Sc Data Science — KIIT University (2019)

SKILLS
Seaborn, Statistics, NLTK, Jetpack Compose, Git, Networking, CI/CD, Security

EXPERIENCE
Data Science Intern / Junior Data Scientist — BYJU'S (1 year)
Worked on data science projects involving data handling, cross-functional collaboration, and delivery of production-ready solutions.

PROJECTS
• NLP Sentiment Analyzer: Developed a sentiment classification system using NLTK, spaCy, and Logistic Regression on Amazon product reviews dataset.
• COVID-19 Dashboard: Built an interactive data visualization dashboard using Tableau and Python to track COVID trends across Indian states.

LANGUAGES
Marathi, Telugu, English",name krish lalla email phone location pune education m sc data science kiit university skills seaborn statistics nltk jetpack compose git networking ci cd security experience data science intern junior data scientist byju s year worked on data science projects involving data handling cross functional collaboration and delivery of production ready solutions projects nlp sentiment analyzer developed a sentiment classification system using nltk spacy and logistic regression on amazon product reviews dataset covid dashboard built an interactive data visualization dashboard using tableau and python to track covid trends across indian states languages marathi telugu english,0.11703884378437138,11.7,Data Scientist,19
Dakshesh Trivedi,Data Science,low,2,B.Sc Statistics,"OpenCV, spaCy, Pandas, Monitoring, SQLite, CI/CD, Android SDK, GCP",,"Name: Dakshesh Trivedi
Email: grewalekapad@example.net | Phone: +913619399091 | Location: Hyderabad

EDUCATION
B.Sc Statistics — Netaji Subhas University of Technology (2024)

SKILLS
OpenCV, spaCy, Pandas, Monitoring, SQLite, CI/CD, Android SDK, GCP

EXPERIENCE
Data Science Intern / Junior Data Scientist — Zomato (2 years)
Worked on data science projects involving data handling, cross-functional collaboration, and delivery of production-ready solutions.

PROJECTS
• NLP Sentiment Analyzer: Developed a sentiment classification system using NLTK, spaCy, and Logistic Regression on Amazon product reviews dataset.

LANGUAGES
Telugu, Marathi, Hindi",name dakshesh trivedi email phone location hyderabad education b sc statistics netaji subhas university of technology skills opencv spacy pandas monitoring sqlite ci cd android sdk gcp experience data science intern junior data scientist zomato years worked on data science projects involving data handling cross functional collaboration and delivery of production ready solutions projects nlp sentiment analyzer developed a sentiment classification system using nltk spacy and logistic regression on amazon product reviews dataset languages telugu marathi hindi,0.11453615269313262,11.45,Data Scientist,20
Jack Lal,Web Development,high,5,B.Tech CSE,"Vue.js, TypeScript, Django, Flask, Tailwind CSS, Redis, MySQL, Docker, REST API, Node.js, MongoDB, Figma","freeCodeCamp Full Stack, AWS Developer Associate","Name: Jack Lal
Email: alkabarad@example.org | Phone: 6556981693 | Location: New Delhi

EDUCATION
B.Tech CSE — Bennett University (2020)

SKILLS
Vue.js, TypeScript, Django, Flask, Tailwind CSS, Redis, MySQL, Docker, REST API, Node.js, MongoDB, Figma

EXPERIENCE
Web Developer / Frontend Developer — MakeMyTrip (5 years)
Worked on web development projects involving data handling, cross-functional collaboration, and delivery of production-ready solutions.

PROJECTS
• E-Commerce Platform: Developed a full-stack e-commerce app with React frontend, Node.js backend, MongoDB database, and Razorpay payment integration.
• Blog Platform: Created a blogging platform using Django REST Framework and React with JWT authentication and Markdown support.

CERTIFICATIONS
• freeCodeCamp Full Stack
• AWS Developer Associate

LANGUAGES
Punjabi, Telugu, Marathi",name jack lal email phone location new delhi education b tech cse bennett university skills vue js typescript django flask tailwind css redis mysql docker rest api node js mongodb figma experience web developer frontend developer makemytrip years worked on web development projects involving data handling cross functional collaboration and delivery of production ready solutions projects e commerce platform developed a full stack e commerce app with react frontend node js backend mongodb database and razorpay payment integration blog platform created a blogging platform using django rest framework and react with jwt authentication and markdown support certifications freecodecamp full stack aws developer associate languages punjabi telugu marathi,0.2971835444045798,29.72,Full Stack Web Developer,1
Osha Ramachandran,Web Development,medium,2,B.Tech CSE,"React, JavaScript, Django, Docker, GraphQL, CSS, MongoDB, Webpack, Payroll, Workforce Planning","MongoDB Developer Certificate, AWS Developer Associate","Name: Osha Ramachandran
Email: raivansha@example.org | Phone: 04668893734 | Location: Noida

EDUCATION
B.Tech CSE — VIT Vellore (2024)

SKILLS
React, JavaScript, Django, Docker, GraphQL, CSS, MongoDB, Webpack, Payroll, Workforce Planning

EXPERIENCE
Web Developer / Frontend Developer — Flipkart (2 years)
Worked on web development projects involving data handling, cross-functional collaboration, and delivery of production-ready solutions.

PROJECTS
• E-Commerce Platform: Developed a full-stack e-commerce app with React frontend, Node.js backend, MongoDB database, and Razorpay payment integration.
• Portfolio Website: Designed and deployed a personal portfolio with Next.js, deployed on Vercel with contact form and dark mode support.

CERTIFICATIONS
• MongoDB Developer Certificate
• AWS Developer Associate

LANGUAGES
Gujarati, Tamil, Punjabi",name osha ramachandran email phone location noida education b tech cse vit vellore skills react javascript django docker graphql css mongodb webpack payroll workforce planning experience web developer frontend developer flipkart years worked on web development projects involving data handling cross functional collaboration and delivery of production ready solutions projects e commerce platform developed a full stack e commerce app with react frontend node js backend mongodb database and razorpay payment integration portfolio website designed and deployed a personal portfolio with next js deployed on vercel with contact form and dark mode support certifications mongodb developer certificate aws developer associate languages gujarati tamil punjabi,0.2923188223873695,29.23,Full Stack Web Developer,2
Inaya Mody,Web Development,high,2,Diploma in Web Development,"MySQL, REST API, Next.js, Bootstrap, Tailwind CSS, JavaScript, Node.js, Redis, Django, Vue.js, AWS, React",Google UX Design Certificate,"Name: Inaya Mody
Email: udantbajwa@example.net | Phone: +916541458685 | Location: Noida

EDUCATION
Diploma in Web Development — Netaji Subhas University of Technology (2018)

SKILLS
MySQL, REST API, Next.js, Bootstrap, Tailwind CSS, JavaScript, Node.js, Redis, Django, Vue.js, AWS, React

EXPERIENCE
Web Developer / Frontend Developer — Flipkart (2 years)
Worked on web development projects involving data handling, cross-functional collaboration, and delivery of production-ready solutions.

PROJECTS
• E-Commerce Platform: Developed a full-stack e-commerce app with React frontend, Node.js backend, MongoDB database, and Razorpay payment integration.
• Portfolio Website: Designed and deployed a personal portfolio with Next.js, deployed on Vercel with contact form and dark mode support.

CERTIFICATIONS
• Google UX Design Certificate

LANGUAGES
Marathi, English, Hindi",name inaya mody email phone location noida education diploma in web development netaji subhas university of technology skills mysql rest api next js bootstrap tailwind css javascript node js redis django vue js aws react experience web developer frontend developer flipkart years worked on web development projects involving data handling cross functional collaboration and delivery of production ready solutions projects e commerce platform developed a full stack e commerce app with react frontend node js backend mongodb database and razorpay payment integration portfolio website designed and deployed a personal portfolio with next js deployed on vercel with contact form and dark mode support certifications google ux design certificate languages marathi english hindi,0.27686637655837637,27.69,Full Stack Web Developer,3
Vedika Balakrishnan,Web Development,medium,1,Diploma in Web Development,"MongoDB, REST API, Bootstrap, JavaScript, Express.js, Vue.js, TypeScript, React, R, Deep Learning",,"Name: Vedika Balakrishnan
Email: qnayar@example.net | Phone: 02729806990 | Location: Pune

EDUCATION
Diploma in Web Development — Manipal Institute of Technology (2021)

SKILLS
MongoDB, REST API, Bootstrap, JavaScript, Express.js, Vue.js, TypeScript, React, R, Deep Learning

EXPERIENCE
Web Developer / Frontend Developer — Oracle India (1 year)
Worked on web development projects involving data handling, cross-functional collaboration, and delivery of production-ready solutions.

PROJECTS
• Blog Platform: Created a blogging platform using Django REST Framework and React with JWT authentication and Markdown support.
• E-Commerce Platform: Developed a full-stack e-commerce app with React frontend, Node.js backend, MongoDB database, and Razorpay payment integration.
• Portfolio Website: Designed and deployed a personal portfolio with Next.js, deployed on Vercel with contact form and dark mode support.

LANGUAGES
Telugu, Bengali",name vedika balakrishnan email phone location pune education diploma in web development manipal institute of technology skills mongodb rest api bootstrap javascript express js vue js typescript react r deep learning experience web developer frontend developer oracle india year worked on web development projects involving data handling cross functional collaboration and delivery of production ready solutions projects blog platform created a blogging platform using django rest framework and react with jwt authentication and markdown support e commerce platform developed a full stack e commerce app with react frontend node js backend mongodb database and razorpay payment integration portfolio website designed and deployed a personal portfolio with next js deployed on vercel with contact form and dark mode support languages telugu bengali,0.2693554885603818,26.94,Full Stack Web Developer,4
Kala Divan,Web Development,high,3,Diploma in Web Development,"MySQL, Docker, Redis, JavaScript, Git, Flask, MongoDB, Django, Figma, TypeScript, Node.js, React",,"Name: Kala Divan
Email: cdatta@example.com | Phone: 00533158692 | Location: Gurugram

EDUCATION
Diploma in Web Development — NIT Trichy (2018)

SKILLS
MySQL, Docker, Redis, JavaScript, Git, Flask, MongoDB, Django, Figma, TypeScript, Node.js, React

EXPERIENCE
Web Developer / Frontend Developer — Zoho (3 years)
Worked on web development projects involving data handling, cross-functional collaboration, and delivery of production-ready solutions.

PROJECTS
• Task Management App: Built a real-time collaborative task manager using React, Firebase, and Tailwind CSS with drag-and-drop functionality.

LANGUAGES
Tamil, Hindi, Bengali",name kala divan email phone location gurugram education diploma in web development nit trichy skills mysql docker redis javascript git flask mongodb django figma typescript node js react experience web developer frontend developer zoho years worked on web development projects involving data handling cross functional collaboration and delivery of production ready solutions projects task management app built a real time collaborative task manager using react firebase and tailwind css with drag and drop functionality languages tamil hindi bengali,0.25559661133694567,25.56,Full Stack Web Developer,5
Ekanta Shroff,Web Development,medium,3,B.Tech CSE,"PostgreSQL, MySQL, React, Webpack, TypeScript, Node.js, CSS, Git, Linux, Kafka",,"Name: Ekanta Shroff
Email: rsathe@example.org | Phone: 7214895134 | Location: Chennai

EDUCATION
B.Tech CSE — VIT Vellore (2023)

SKILLS
PostgreSQL, MySQL, React, Webpack, TypeScript, Node.js, CSS, Git, Linux, Kafka

EXPERIENCE
Web Developer / Frontend Developer — Microsoft India (3 years)
Worked on web development projects involving data handling, cross-functional collaboration, and delivery of production-ready solutions.

PROJECTS
• Blog Platform: Created a blogging platform using Django REST Framework and React with JWT authentication and Markdown support.
• Portfolio Website: Designed and deployed a personal portfolio with Next.js, deployed on Vercel with contact form and dark mode support.
• E-Commerce Platform: Developed a full-stack e-commerce app with React frontend, Node.js backend, MongoDB database, and Razorpay payment integration.

LANGUAGES
Gujarati, English, Tamil",name ekanta shroff email phone location chennai education b tech cse vit vellore skills postgresql mysql react webpack typescript node js css git linux kafka experience web developer frontend developer microsoft india years worked on web development projects involving data handling cross functional collaboration and delivery of production ready solutions projects blog platform created a blogging platform using django rest framework and react with jwt authentication and markdown support portfolio website designed and deployed a personal portfolio with next js deployed on vercel with contact form and dark mode support e commerce platform developed a full stack e commerce app with react frontend node js backend mongodb database and razorpay payment integration languages gujarati english tamil,0.2454917145575899,24.55,Full Stack Web Developer,6
Rushil Din,Web Development,medium,1,B.Tech CSE,"AWS, PostgreSQL, REST API, Redis, Tailwind CSS, GraphQL, Docker, Git, Kotlin, Workforce Planning",MongoDB Developer Certificate,"Name: Rushil Din
Email: batrayash@example.com | Phone: 1769367632 | Location: Chennai

EDUCATION
B.Tech CSE — Jamia Millia Islamia (2021)

SKILLS
AWS, PostgreSQL, REST API, Redis, Tailwind CSS, GraphQL, Docker, Git, Kotlin, Workforce Planning

EXPERIENCE
Web Developer / Frontend Developer — Accenture (1 year)
Worked on web development projects involving data handling, cross-functional collaboration, and delivery of production-ready solutions.

PROJECTS
• Blog Platform: Created a blogging platform using Django REST Framework and React with JWT authentication and Markdown support.

CERTIFICATIONS
• MongoDB Developer Certificate

LANGUAGES
Bengali, English, Tamil",name rushil din email phone location chennai education b tech cse jamia millia islamia skills aws postgresql rest api redis tailwind css graphql docker git kotlin workforce planning experience web developer frontend developer accenture year worked on web development projects involving data handling cross functional collaboration and delivery of production ready solutions projects blog platform created a blogging platform using django rest framework and react with jwt authentication and markdown support certifications mongodb developer certificate languages bengali english tamil,0.24207289833345697,24.21,Full Stack Web Developer,7
Yamini Sandhu,Web Development,medium,2,B.Tech CSE,"AWS, Vue.js, Flask, Figma, Tailwind CSS, Next.js, Django, GraphQL, Push Notifications, Material Design",,"Name: Yamini Sandhu
Email: vdutt@example.com | Phone: 04348734714 | Location: Gurugram

EDUCATION
B.Tech CSE — NIT Trichy (2019)

SKILLS
AWS, Vue.js, Flask, Figma, Tailwind CSS, Next.js, Django, GraphQL, Push Notifications, Material Design

EXPERIENCE
Web Developer / Frontend Developer — Microsoft India (2 years)
Worked on web development projects involving data handling, cross-functional collaboration, and delivery of production-ready solutions.

PROJECTS
• Portfolio Website: Designed and deployed a personal portfolio with Next.js, deployed on Vercel with contact form and dark mode support.
• E-Commerce Platform: Developed a full-stack e-commerce app with React frontend, Node.js backend, MongoDB database, and Razorpay payment integration.

LANGUAGES
Tamil, Hindi",name yamini sandhu email phone location gurugram education b tech cse nit trichy skills aws vue js flask figma tailwind css next js django graphql push notifications material design experience web developer frontend developer microsoft india years worked on web development projects involving data handling cross functional collaboration and delivery of production ready solutions projects portfolio website designed and deployed a personal portfolio with next js deployed on vercel with contact form and dark mode support e commerce platform developed a full stack e commerce app with react frontend node js backend mongodb database and razorpay payment integration languages tamil hindi,0.23785843892423883,23.79,Full Stack Web Developer,8
Chakrika Datta,Web Development,medium,1,B.Tech IT,"Node.js, MySQL, Docker, Bootstrap, React, Figma, TypeScript, GraphQL, LiveData, Exit Management",,"Name: Chakrika Datta
Email: osharaghavan@example.net | Phone: 2994680443 | Location: Pune

EDUCATION
B.Tech IT — NIT Trichy (2023)

SKILLS
Node.js, MySQL, Docker, Bootstrap, React, Figma, TypeScript, GraphQL, LiveData, Exit Management

EXPERIENCE
Web Developer / Frontend Developer — HCL Technologies (1 year)
Worked on web development projects involving data handling, cross-functional collaboration, and delivery of production-ready solutions.

PROJECTS
• Blog Platform: Created a blogging platform using Django REST Framework and React with JWT authentication and Markdown support.
• Task Management App: Built a real-time collaborative task manager using React, Firebase, and Tailwind CSS with drag-and-drop functionality.
• E-Commerce Platform: Developed a full-stack e-commerce app with React frontend, Node.js backend, MongoDB database, and Razorpay payment integration.

LANGUAGES
Hindi, Telugu, English",name chakrika datta email phone location pune education b tech it nit trichy skills node js mysql docker bootstrap react figma typescript graphql livedata exit management experience web developer frontend developer hcl technologies year worked on web development projects involving data handling cross functional collaboration and delivery of production ready solutions projects blog platform created a blogging platform using django rest framework and react with jwt authentication and markdown support task management app built a real time collaborative task manager using react firebase and tailwind css with drag and drop functionality e commerce platform developed a full stack e commerce app with react frontend node js backend mongodb database and razorpay payment integration languages hindi telugu english,0.23507203947092506,23.51,Full Stack Web Developer,9
Chaitanya Sarin,Web Development,high,5,B.Sc IT,"Express.js, CSS, REST API, Django, Next.js, MongoDB, Git, Redis, Tailwind CSS, PostgreSQL, Vue.js, MySQL",Meta Front-End Developer Certificate,"Name: Chaitanya Sarin
Email: venkateshronith@example.com | Phone: 01595148465 | Location: Bengaluru

EDUCATION
B.Sc IT — Jamia Millia Islamia (2024)

SKILLS
Express.js, CSS, REST API, Django, Next.js, MongoDB, Git, Redis, Tailwind CSS, PostgreSQL, Vue.js, MySQL

EXPERIENCE
Web Developer / Frontend Developer — Wipro (5 years)
Worked on web development projects involving data handling, cross-functional collaboration, and delivery of production-ready solutions.

PROJECTS
• E-Commerce Platform: Developed a full-stack e-commerce app with React frontend, Node.js backend, MongoDB database, and Razorpay payment integration.
• Blog Platform: Created a blogging platform using Django REST Framework and React with JWT authentication and Markdown support.
• Portfolio Website: Designed and deployed a personal portfolio with Next.js, deployed on Vercel with contact form and dark mode support.

CERTIFICATIONS
• Meta Front-End Developer Certificate

LANGUAGES
Bengali, Hindi",name chaitanya sarin email phone location bengaluru education b sc it jamia millia islamia skills express js css rest api django next js mongodb git redis tailwind css postgresql vue js mysql experience web developer frontend developer wipro years worked on web development projects involving data handling cross functional collaboration and delivery of production ready solutions projects e commerce platform developed a full stack e commerce app with react frontend node js backend mongodb database and razorpay payment integration blog platform created a blogging platform using django rest framework and react with jwt authentication and markdown support portfolio website designed and deployed a personal portfolio with next js deployed on vercel with contact form and dark mode support certifications meta front end developer certificate languages bengali hindi,0.23435029802583615,23.44,Full Stack Web Developer,10
Hredhaan Sandal,Web Development,medium,2,B.Sc IT,"Next.js, REST API, Redis, Webpack, Tailwind CSS, HTML, PostgreSQL, MongoDB, Networking, Docker","freeCodeCamp Full Stack, MongoDB Developer Certificate","Name: Hredhaan Sandal
Email: patrickvasa@example.com | Phone: +918317278895 | Location: Hyderabad

EDUCATION
B.Sc IT — VIT Vellore (2024)

SKILLS
Next.js, REST API, Redis, Webpack, Tailwind CSS, HTML, PostgreSQL, MongoDB, Networking, Docker

EXPERIENCE
Web Developer / Frontend Developer — Accenture (2 years)
Worked on web development projects involving data handling, cross-functional collaboration, and delivery of production-ready solutions.

PROJECTS
• Task Management App: Built a real-time collaborative task manager using React, Firebase, and Tailwind CSS with drag-and-drop functionality.
• Blog Platform: Created a blogging platform using Django REST Framework and React with JWT authentication and Markdown support.

CERTIFICATIONS
• freeCodeCamp Full Stack
• MongoDB Developer Certificate

LANGUAGES
English, Gujarati, Punjabi",name hredhaan sandal email phone location hyderabad education b sc it vit vellore skills next js rest api redis webpack tailwind css html postgresql mongodb networking docker experience web developer frontend developer accenture years worked on web development projects involving data handling cross functional collaboration and delivery of production ready solutions projects task management app built a real time collaborative task manager using react firebase and tailwind css with drag and drop functionality blog platform created a blogging platform using django rest framework and react with jwt authentication and markdown support certifications freecodecamp full stack mongodb developer certificate languages english gujarati punjabi,0.22925002207206202,22.93,Full Stack Web Developer,11
Anita Nayak,Web Development,medium,2,Diploma in Web Development,"Vue.js, Express.js, TypeScript, HTML, Webpack, Bootstrap, MongoDB, Django, Labor Law, LightGBM",Meta Front-End Developer Certificate,"Name: Anita Nayak
Email: faris22@example.org | Phone: 02316658760 | Location: Gurugram

EDUCATION
Diploma in Web Development — Guru Gobind Singh Indraprastha University (2023)

SKILLS
Vue.js, Express.js, TypeScript, HTML, Webpack, Bootstrap, MongoDB, Django, Labor Law, LightGBM

EXPERIENCE
Web Developer / Frontend Developer — Zoho (2 years)
Worked on web development projects involving data handling, cross-functional collaboration, and delivery of production-ready solutions.

PROJECTS
• Portfolio Website: Designed and deployed a personal portfolio with Next.js, deployed on Vercel with contact form and dark mode support.
• E-Commerce Platform: Developed a full-stack e-commerce app with React frontend, Node.js backend, MongoDB database, and Razorpay payment integration.

CERTIFICATIONS
• Meta Front-End Developer Certificate

LANGUAGES
Telugu, Tamil",name anita nayak email phone location gurugram education diploma in web development guru gobind singh indraprastha university skills vue js express js typescript html webpack bootstrap mongodb django labor law lightgbm experience web developer frontend developer zoho years worked on web development projects involving data handling cross functional collaboration and delivery of production ready solutions projects portfolio website designed and deployed a personal portfolio with next js deployed on vercel with contact form and dark mode support e commerce platform developed a full stack e commerce app with react frontend node js backend mongodb database and razorpay payment integration certifications meta front end developer certificate languages telugu tamil,0.2214832430357741,22.15,Full Stack Web Developer,12
Nicholas Goel,Web Development,high,2,BCA,"Git, Bootstrap, AWS, Tailwind CSS, Redis, Next.js, Figma, Webpack, Docker, PostgreSQL, REST API, MySQL",Google UX Design Certificate,"Name: Nicholas Goel
Email: lbakshi@example.net | Phone: 06342160733 | Location: Gurugram

EDUCATION
BCA — NIT Trichy (2024)

SKILLS
Git, Bootstrap, AWS, Tailwind CSS, Redis, Next.js, Figma, Webpack, Docker, PostgreSQL, REST API, MySQL

EXPERIENCE
Web Developer / Frontend Developer — Swiggy (2 years)
Worked on web development projects involving data handling, cross-functional collaboration, and delivery of production-ready solutions.

PROJECTS
• Task Management App: Built a real-time collaborative task manager using React, Firebase, and Tailwind CSS with drag-and-drop functionality.
• Blog Platform: Created a blogging platform using Django REST Framework and React with JWT authentication and Markdown support.
• Portfolio Website: Designed and deployed a personal portfolio with Next.js, deployed on Vercel with contact form and dark mode support.

CERTIFICATIONS
• Google UX Design Certificate

LANGUAGES
Telugu, Marathi",name nicholas goel email phone location gurugram education bca nit trichy skills git bootstrap aws tailwind css redis next js figma webpack docker postgresql rest api mysql experience web developer frontend developer swiggy years worked on web development projects involving data handling cross functional collaboration and delivery of production ready solutions projects task management app built a real time collaborative task manager using react firebase and tailwind css with drag and drop functionality blog platform created a blogging platform using django rest framework and react with jwt authentication and markdown support portfolio website designed and deployed a personal portfolio with next js deployed on vercel with contact form and dark mode support certifications google ux design certificate languages telugu marathi,0.21521839869580064,21.52,Full Stack Web Developer,13
Tejas Shroff,Web Development,low,1,B.Sc IT,"JavaScript, Docker, Django, MongoDB, Play Store Deployment, AWS Glue, dbt, Cassandra",,"Name: Tejas Shroff
Email: jyoti29@example.net | Phone: 1241904966 | Location: Chennai

EDUCATION
B.Sc IT — NIT Trichy (2021)

SKILLS
JavaScript, Docker, Django, MongoDB, Play Store Deployment, AWS Glue, dbt, Cassandra

EXPERIENCE
Web Developer / Frontend Developer — Oracle India (1 year)
Worked on web development projects involving data handling, cross-functional collaboration, and delivery of production-ready solutions.

PROJECTS
• Portfolio Website: Designed and deployed a personal portfolio with Next.js, deployed on Vercel with contact form and dark mode support.
• E-Commerce Platform: Developed a full-stack e-commerce app with React frontend, Node.js backend, MongoDB database, and Razorpay payment integration.

LANGUAGES
English, Tamil, Gujarati",name tejas shroff email phone location chennai education b sc it nit trichy skills javascript docker django mongodb play store deployment aws glue dbt cassandra experience web developer frontend developer oracle india year worked on web development projects involving data handling cross functional collaboration and delivery of production ready solutions projects portfolio website designed and deployed a personal portfolio with next js deployed on vercel with contact form and dark mode support e commerce platform developed a full stack e commerce app with react frontend node js backend mongodb database and razorpay payment integration languages english tamil gujarati,0.21290110048691255,21.29,Full Stack Web Developer,14
Harini Mammen,Web Development,low,1,Diploma in Web Development,"MongoDB, Webpack, REST API, HRIS, Redshift, Performance Management, SQL, ETL Pipelines",,"Name: Harini Mammen
Email: advaith83@example.org | Phone: +916783777014 | Location: Mumbai

EDUCATION
Diploma in Web Development — KIIT University (2024)

SKILLS
MongoDB, Webpack, REST API, HRIS, Redshift, Performance Management, SQL, ETL Pipelines

EXPERIENCE
Web Developer / Frontend Developer — Amazon India (1 year)
Worked on web development projects involving data handling, cross-functional collaboration, and delivery of production-ready solutions.

PROJECTS
• Portfolio Website: Designed and deployed a personal portfolio with Next.js, deployed on Vercel with contact form and dark mode support.
• E-Commerce Platform: Developed a full-stack e-commerce app with React frontend, Node.js backend, MongoDB database, and Razorpay payment integration.
• Task Management App: Built a real-time collaborative task manager using React, Firebase, and Tailwind CSS with drag-and-drop functionality.

LANGUAGES
Punjabi, Tamil, English",name harini mammen email phone location mumbai education diploma in web development kiit university skills mongodb webpack rest api hris redshift performance management sql etl pipelines experience web developer frontend developer amazon india year worked on web development projects involving data handling cross functional collaboration and delivery of production ready solutions projects portfolio website designed and deployed a personal portfolio with next js deployed on vercel with contact form and dark mode support e commerce platform developed a full stack e commerce app with react frontend node js backend mongodb database and razorpay payment integration task management app built a real time collaborative task manager using react firebase and tailwind css with drag and drop functionality languages punjabi tamil english,0.16756200863519974,16.76,Full Stack Web Developer,15
Gabriel Mallick,Web Development,low,1,MCA,"Tailwind CSS, Node.js, Flask, Git, GitLab, Onboarding, Security, Policy Drafting",,"Name: Gabriel Mallick
Email: wkohli@example.com | Phone: 9650752735 | Location: Gurugram

EDUCATION
MCA — Lovely Professional University (2018)

SKILLS
Tailwind CSS, Node.js, Flask, Git, GitLab, Onboarding, Security, Policy Drafting

EXPERIENCE
Web Developer / Frontend Developer — Oracle India (1 year)
Worked on web development projects involving data handling, cross-functional collaboration, and delivery of production-ready solutions.

PROJECTS
• Blog Platform: Created a blogging platform using Django REST Framework and React with JWT authentication and Markdown support.
• Task Management App: Built a real-time collaborative task manager using React, Firebase, and Tailwind CSS with drag-and-drop functionality.
• Portfolio Website: Designed and deployed a personal portfolio with Next.js, deployed on Vercel with contact form and dark mode support.

LANGUAGES
Gujarati, Marathi, Hindi",name gabriel mallick email phone location gurugram education mca lovely professional university skills tailwind css node js flask git gitlab onboarding security policy drafting experience web developer frontend developer oracle india year worked on web development projects involving data handling cross functional collaboration and delivery of production ready solutions projects blog platform created a blogging platform using django rest framework and react with jwt authentication and markdown support task management app built a real time collaborative task manager using react firebase and tailwind css with drag and drop functionality portfolio website designed and deployed a personal portfolio with next js deployed on vercel with contact form and dark mode support languages gujarati marathi hindi,0.1572515059325107,15.73,Full Stack Web Developer,16
Priya Deshmukh,Web Development,low,2,BCA,"Bootstrap, MongoDB, Git, Nginx, Matplotlib, XGBoost, TensorFlow, Deep Learning",,"Name: Priya Deshmukh
Email: dgopal@example.com | Phone: 05375564641 | Location: Pune

EDUCATION
BCA — Chandigarh University (2020)

SKILLS
Bootstrap, MongoDB, Git, Nginx, Matplotlib, XGBoost, TensorFlow, Deep Learning

EXPERIENCE
Web Developer / Frontend Developer — BYJU'S (2 years)
Worked on web development projects involving data handling, cross-functional collaboration, and delivery of production-ready solutions.

PROJECTS
• Blog Platform: Created a blogging platform using Django REST Framework and React with JWT authentication and Markdown support.
• Task Management App: Built a real-time collaborative task manager using React, Firebase, and Tailwind CSS with drag-and-drop functionality.
• Portfolio Website: Designed and deployed a personal portfolio with Next.js, deployed on Vercel with contact form and dark mode support.

LANGUAGES
Gujarati, English, Tamil",name priya deshmukh email phone location pune education bca chandigarh university skills bootstrap mongodb git nginx matplotlib xgboost tensorflow deep learning experience web developer frontend developer byju s years worked on web development projects involving data handling cross functional collaboration and delivery of production ready solutions projects blog platform created a blogging platform using django rest framework and react with jwt authentication and markdown support task management app built a real time collaborative task manager using react firebase and tailwind css with drag and drop functionality portfolio website designed and deployed a personal portfolio with next js deployed on vercel with contact form and dark mode support languages gujarati english tamil,0.14376094582941598,14.38,Full Stack Web Developer,17
Anirudh Zacharia,Web Development,low,2,B.Tech CSE,"CSS, Flask, Vue.js, Onboarding, Payroll, HRIS, Unit Testing, Play Store Deployment",,"Name: Anirudh Zacharia
Email: pallaudarsh@example.net | Phone: +910033092327 | Location: Gurugram

EDUCATION
B.Tech CSE — Chandigarh University (2023)

SKILLS
CSS, Flask, Vue.js, Onboarding, Payroll, HRIS, Unit Testing, Play Store Deployment

EXPERIENCE
Web Developer / Frontend Developer — IBM India (2 years)
Worked on web development projects involving data handling, cross-functional collaboration, and delivery of production-ready solutions.

PROJECTS
• Task Management App: Built a real-time collaborative task manager using React, Firebase, and Tailwind CSS with drag-and-drop functionality.
• Portfolio Website: Designed and deployed a personal portfolio with Next.js, deployed on Vercel with contact form and dark mode support.

LANGUAGES
Punjabi, Tamil",name anirudh zacharia email phone location gurugram education b tech cse chandigarh university skills css flask vue js onboarding payroll hris unit testing play store deployment experience web developer frontend developer ibm india years worked on web development projects involving data handling cross functional collaboration and delivery of production ready solutions projects task management app built a real time collaborative task manager using react firebase and tailwind css with drag and drop functionality portfolio website designed and deployed a personal portfolio with next js deployed on vercel with contact form and dark mode support languages punjabi tamil,0.11715169042760439,11.72,Full Stack Web Developer,18
Rachita Pathak,Web Development,low,0,B.Tech CSE,"PostgreSQL, Redis, MySQL, LiveData, Docker, Kotlin, Linux, Grafana",,"Name: Rachita Pathak
Email: bdua@example.org | Phone: 8498776945 | Location: Pune

EDUCATION
B.Tech CSE — SRM Institute of Science and Technology (2018)

SKILLS
PostgreSQL, Redis, MySQL, LiveData, Docker, Kotlin, Linux, Grafana

PROJECTS
• Portfolio Website: Designed and deployed a personal portfolio with Next.js, deployed on Vercel with contact form and dark mode support.
• Task Management App: Built a real-time collaborative task manager using React, Firebase, and Tailwind CSS with drag-and-drop functionality.
• Blog Platform: Created a blogging platform using Django REST Framework and React with JWT authentication and Markdown support.

LANGUAGES
Gujarati, Bengali",name rachita pathak email phone location pune education b tech cse srm institute of science and technology skills postgresql redis mysql livedata docker kotlin linux grafana projects portfolio website designed and deployed a personal portfolio with next js deployed on vercel with contact form and dark mode support task management app built a real time collaborative task manager using react firebase and tailwind css with drag and drop functionality blog platform created a blogging platform using django rest framework and react with jwt authentication and markdown support languages gujarati bengali,0.09669089719508389,9.67,Full Stack Web Developer,19
Faqid Kibe,Web Development,low,0,B.Sc IT,"Bootstrap, Tailwind CSS, Git, Data Warehousing, Matplotlib, Linux, NLP, NLTK",,"Name: Faqid Kibe
Email: mitrajai@example.net | Phone: +915865185067 | Location: Mumbai

EDUCATION
B.Sc IT — BITS Pilani (2021)

SKILLS
Bootstrap, Tailwind CSS, Git, Data Warehousing, Matplotlib, Linux, NLP, NLTK

PROJECTS
• Blog Platform: Created a blogging platform using Django REST Framework and React with JWT authentication and Markdown support.
• Portfolio Website: Designed and deployed a personal portfolio with Next.js, deployed on Vercel with contact form and dark mode support.

LANGUAGES
Tamil, Punjabi",name faqid kibe email phone location mumbai education b sc it bits pilani skills bootstrap tailwind css git data warehousing matplotlib linux nlp nltk projects blog platform created a blogging platform using django rest framework and react with jwt authentication and markdown support portfolio website designed and deployed a personal portfolio with next js deployed on vercel with contact form and dark mode support languages tamil punjabi,0.07626680019638464,7.63,Full Stack Web Developer,20
Nidhi Kohli,DevOps,high,2,B.Sc IT,"Docker, ELK Stack, Git, Prometheus, Networking, Monitoring, CI/CD, Nginx, Python, Grafana, Shell Scripting, Helm","Azure DevOps Engineer, HashiCorp Terraform Associate","Name: Nidhi Kohli
Email: jyoti78@example.net | Phone: 06855744431 | Location: New Delhi

EDUCATION
B.Sc IT — BITS Pilani (2018)

SKILLS
Docker, ELK Stack, Git, Prometheus, Networking, Monitoring, CI/CD, Nginx, Python, Grafana, Shell Scripting, Helm

EXPERIENCE
DevOps Engineer / Cloud Infrastructure Intern — Microsoft India (2 years)
Worked on devops projects involving data handling, cross-functional collaboration, and delivery of production-ready solutions.

PROJECTS
• CI/CD Pipeline Automation: Set up end-to-end CI/CD pipelines using Jenkins, Docker, and Kubernetes for a Node.js microservices application.
• Multi-Cloud Deployment: Migrated a monolithic app to microservices architecture deployed across AWS and GCP using Docker and Helm charts.
• Infrastructure as Code: Provisioned AWS infrastructure (EC2, RDS, S3) using Terraform and Ansible for configuration management.

CERTIFICATIONS
• Azure DevOps Engineer
• HashiCorp Terraform Associate

LANGUAGES
Gujarati, Marathi, Telugu",name nidhi kohli email phone location new delhi education b sc it bits pilani skills docker elk stack git prometheus networking monitoring ci cd nginx python grafana shell scripting helm experience devops engineer cloud infrastructure intern microsoft india years worked on devops projects involving data handling cross functional collaboration and delivery of production ready solutions projects ci cd pipeline automation set up end to end ci cd pipelines using jenkins docker and kubernetes for a node js microservices application multi cloud deployment migrated a monolithic app to microservices architecture deployed across aws and gcp using docker and helm charts infrastructure as code provisioned aws infrastructure ec rds s using terraform and ansible for configuration management certifications azure devops engineer hashicorp terraform associate languages gujarati marathi telugu,0.40065213672221245,40.07,DevOps Engineer,1
Aishani Hora,DevOps,medium,3,B.Tech CSE,"Networking, CI/CD, Grafana, Monitoring, Terraform, Helm, Git, Linux, Jupyter Notebook, Payroll",,"Name: Aishani Hora
Email: icontractor@example.org | Phone: 2421024994 | Location: Noida

EDUCATION
B.Tech CSE — Maharaja Surajmal Institute of Technology (2019)

SKILLS
Networking, CI/CD, Grafana, Monitoring, Terraform, Helm, Git, Linux, Jupyter Notebook, Payroll

EXPERIENCE
DevOps Engineer / Cloud Infrastructure Intern — PhonePe (3 years)
Worked on devops projects involving data handling, cross-functional collaboration, and delivery of production-ready solutions.

PROJECTS
• Infrastructure as Code: Provisioned AWS infrastructure (EC2, RDS, S3) using Terraform and Ansible for configuration management.
• Multi-Cloud Deployment: Migrated a monolithic app to microservices architecture deployed across AWS and GCP using Docker and Helm charts.
• CI/CD Pipeline Automation: Set up end-to-end CI/CD pipelines using Jenkins, Docker, and Kubernetes for a Node.js microservices application.

LANGUAGES
Gujarati, Punjabi, Bengali",name aishani hora email phone location noida education b tech cse maharaja surajmal institute of technology skills networking ci cd grafana monitoring terraform helm git linux jupyter notebook payroll experience devops engineer cloud infrastructure intern phonepe years worked on devops projects involving data handling cross functional collaboration and delivery of production ready solutions projects infrastructure as code provisioned aws infrastructure ec rds s using terraform and ansible for configuration management multi cloud deployment migrated a monolithic app to microservices architecture deployed across aws and gcp using docker and helm charts ci cd pipeline automation set up end to end ci cd pipelines using jenkins docker and kubernetes for a node js microservices application languages gujarati punjabi bengali,0.37997153902779685,38.0,DevOps Engineer,2
Chasmum Atwal,DevOps,high,2,B.Tech CSE,"Bash, Security, Azure, Nginx, GitHub Actions, Git, Monitoring, Grafana, Ansible, Networking, Linux, Shell Scripting",Azure DevOps Engineer,"Name: Chasmum Atwal
Email: anushabath@example.org | Phone: 4271094777 | Location: Chennai

EDUCATION
B.Tech CSE — KIIT University (2024)

SKILLS
Bash, Security, Azure, Nginx, GitHub Actions, Git, Monitoring, Grafana, Ansible, Networking, Linux, Shell Scripting

EXPERIENCE
DevOps Engineer / Cloud Infrastructure Intern — Zomato (2 years)
Worked on devops projects involving data handling, cross-functional collaboration, and delivery of production-ready solutions.

PROJECTS
• Monitoring Dashboard: Deployed Prometheus and Grafana for real-time monitoring of containerized applications with alerting rules.
• Multi-Cloud Deployment: Migrated a monolithic app to microservices architecture deployed across AWS and GCP using Docker and Helm charts.
• Infrastructure as Code: Provisioned AWS infrastructure (EC2, RDS, S3) using Terraform and Ansible for configuration management.

CERTIFICATIONS
• Azure DevOps Engineer

LANGUAGES
Hindi, Tamil",name chasmum atwal email phone location chennai education b tech cse kiit university skills bash security azure nginx github actions git monitoring grafana ansible networking linux shell scripting experience devops engineer cloud infrastructure intern zomato years worked on devops projects involving data handling cross functional collaboration and delivery of production ready solutions projects monitoring dashboard deployed prometheus and grafana for real time monitoring of containerized applications with alerting rules multi cloud deployment migrated a monolithic app to microservices architecture deployed across aws and gcp using docker and helm charts infrastructure as code provisioned aws infrastructure ec rds s using terraform and ansible for configuration management certifications azure devops engineer languages hindi tamil,0.33285840370031095,33.29,DevOps Engineer,3
Naksh Khatri,DevOps,medium,2,MCA,"Ansible, Jenkins, Grafana, CI/CD, Git, Python, GitLab, Monitoring, Deep Learning, Java",Docker Certified Associate,"Name: Naksh Khatri
Email: falandugar@example.org | Phone: 07974034471 | Location: Hyderabad

EDUCATION
MCA — VIT Vellore (2018)

SKILLS
Ansible, Jenkins, Grafana, CI/CD, Git, Python, GitLab, Monitoring, Deep Learning, Java

EXPERIENCE
DevOps Engineer / Cloud Infrastructure Intern — Zomato (2 years)
Worked on devops projects involving data handling, cross-functional collaboration, and delivery of production-ready solutions.

PROJECTS
• CI/CD Pipeline Automation: Set up end-to-end CI/CD pipelines using Jenkins, Docker, and Kubernetes for a Node.js microservices application.
• Monitoring Dashboard: Deployed Prometheus and Grafana for real-time monitoring of containerized applications with alerting rules.

CERTIFICATIONS
• Docker Certified Associate

LANGUAGES
Bengali, English, Gujarati",name naksh khatri email phone location hyderabad education mca vit vellore skills ansible jenkins grafana ci cd git python gitlab monitoring deep learning java experience devops engineer cloud infrastructure intern zomato years worked on devops projects involving data handling cross functional collaboration and delivery of production ready solutions projects ci cd pipeline automation set up end to end ci cd pipelines using jenkins docker and kubernetes for a node js microservices application monitoring dashboard deployed prometheus and grafana for real time monitoring of containerized applications with alerting rules certifications docker certified associate languages bengali english gujarati,0.31434800356229553,31.43,DevOps Engineer,4
Ansh Luthra,DevOps,medium,1,B.Tech CSE,"Azure, Git, GitHub Actions, AWS, CI/CD, Monitoring, Ansible, ELK Stack, TypeScript, Material Design",,"Name: Ansh Luthra
Email: gillupma@example.net | Phone: 7429671756 | Location: New Delhi

EDUCATION
B.Tech CSE — Jamia Millia Islamia (2024)

SKILLS
Azure, Git, GitHub Actions, AWS, CI/CD, Monitoring, Ansible, ELK Stack, TypeScript, Material Design

EXPERIENCE
DevOps Engineer / Cloud Infrastructure Intern — Tech Mahindra (1 year)
Worked on devops projects involving data handling, cross-functional collaboration, and delivery of production-ready solutions.

PROJECTS
• CI/CD Pipeline Automation: Set up end-to-end CI/CD pipelines using Jenkins, Docker, and Kubernetes for a Node.js microservices application.

LANGUAGES
Punjabi, English, Bengali",name ansh luthra email phone location new delhi education b tech cse jamia millia islamia skills azure git github actions aws ci cd monitoring ansible elk stack typescript material design experience devops engineer cloud infrastructure intern tech mahindra year worked on devops projects involving data handling cross functional collaboration and delivery of production ready solutions projects ci cd pipeline automation set up end to end ci cd pipelines using jenkins docker and kubernetes for a node js microservices application languages punjabi english bengali,0.3112230030673399,31.12,DevOps Engineer,5
Diya Dar,DevOps,high,3,MCA,"Prometheus, Jenkins, Networking, ELK Stack, Grafana, Linux, Terraform, Docker, CI/CD, Helm, GitHub Actions, Kubernetes",,"Name: Diya Dar
Email: rehaankalita@example.net | Phone: 04989413435 | Location: Mumbai

EDUCATION
MCA — Amity University Noida (2020)

SKILLS
Prometheus, Jenkins, Networking, ELK Stack, Grafana, Linux, Terraform, Docker, CI/CD, Helm, GitHub Actions, Kubernetes

EXPERIENCE
DevOps Engineer / Cloud Infrastructure Intern — Flipkart (3 years)
Worked on devops projects involving data handling, cross-functional collaboration, and delivery of production-ready solutions.

PROJECTS
• Infrastructure as Code: Provisioned AWS infrastructure (EC2, RDS, S3) using Terraform and Ansible for configuration management.

LANGUAGES
Marathi, Telugu",name diya dar email phone location mumbai education mca amity university noida skills prometheus jenkins networking elk stack grafana linux terraform docker ci cd helm github actions kubernetes experience devops engineer cloud infrastructure intern flipkart years worked on devops projects involving data handling cross functional collaboration and delivery of production ready solutions projects infrastructure as code provisioned aws infrastructure ec rds s using terraform and ansible for configuration management languages marathi telugu,0.3092571136321879,30.93,DevOps Engineer,6
Qarin Behl,DevOps,high,4,B.Sc IT,"AWS, Shell Scripting, Nginx, Jenkins, Azure, ELK Stack, GitHub Actions, Python, Grafana, Microservices, Docker, Networking","AWS Solutions Architect, HashiCorp Terraform Associate","Name: Qarin Behl
Email: vanya11@example.com | Phone: 01902294131 | Location: Hyderabad

EDUCATION
B.Sc IT — Jamia Millia Islamia (2018)

SKILLS
AWS, Shell Scripting, Nginx, Jenkins, Azure, ELK Stack, GitHub Actions, Python, Grafana, Microservices, Docker, Networking

EXPERIENCE
DevOps Engineer / Cloud Infrastructure Intern — Razorpay (4 years)
Worked on devops projects involving data handling, cross-functional collaboration, and delivery of production-ready solutions.

PROJECTS
• Infrastructure as Code: Provisioned AWS infrastructure (EC2, RDS, S3) using Terraform and Ansible for configuration management.
• Monitoring Dashboard: Deployed Prometheus and Grafana for real-time monitoring of containerized applications with alerting rules.
• Multi-Cloud Deployment: Migrated a monolithic app to microservices architecture deployed across AWS and GCP using Docker and Helm charts.

CERTIFICATIONS
• AWS Solutions Architect
• HashiCorp Terraform Associate

LANGUAGES
Tamil, Telugu, Punjabi",name qarin behl email phone location hyderabad education b sc it jamia millia islamia skills aws shell scripting nginx jenkins azure elk stack github actions python grafana microservices docker networking experience devops engineer cloud infrastructure intern razorpay years worked on devops projects involving data handling cross functional collaboration and delivery of production ready solutions projects infrastructure as code provisioned aws infrastructure ec rds s using terraform and ansible for configuration management monitoring dashboard deployed prometheus and grafana for real time monitoring of containerized applications with alerting rules multi cloud deployment migrated a monolithic app to microservices architecture deployed across aws and gcp using docker and helm charts certifications aws solutions architect hashicorp terraform associate languages tamil telugu punjabi,0.27276929803824196,27.28,DevOps Engineer,7
Yoshita Agarwal,DevOps,medium,2,MCA,"Security, Jenkins, Nginx, Monitoring, Grafana, CI/CD, Microservices, Python, Employee Relations, Compensation & Benefits","Docker Certified Associate, HashiCorp Terraform Associate","Name: Yoshita Agarwal
Email: dsachdev@example.org | Phone: 5977034824 | Location: Noida

EDUCATION
MCA — Manipal Institute of Technology (2023)

SKILLS
Security, Jenkins, Nginx, Monitoring, Grafana, CI/CD, Microservices, Python, Employee Relations, Compensation & Benefits

EXPERIENCE
DevOps Engineer / Cloud Infrastructure Intern — Razorpay (2 years)
Worked on devops projects involving data handling, cross-functional collaboration, and delivery of production-ready solutions.

PROJECTS
• CI/CD Pipeline Automation: Set up end-to-end CI/CD pipelines using Jenkins, Docker, and Kubernetes for a Node.js microservices application.

CERTIFICATIONS
• Docker Certified Associate
• HashiCorp Terraform Associate

LANGUAGES
Gujarati, Telugu, Marathi",name yoshita agarwal email phone location noida education mca manipal institute of technology skills security jenkins nginx monitoring grafana ci cd microservices python employee relations compensation benefits experience devops engineer cloud infrastructure intern razorpay years worked on devops projects involving data handling cross functional collaboration and delivery of production ready solutions projects ci cd pipeline automation set up end to end ci cd pipelines using jenkins docker and kubernetes for a node js microservices application certifications docker certified associate hashicorp terraform associate languages gujarati telugu marathi,0.2666924668953261,26.67,DevOps Engineer,8
Ekani Cheema,DevOps,medium,1,MCA,"Ansible, Docker, Linux, GCP, Kubernetes, Azure, GitHub Actions, Security, Employee Relations, Performance Management",Azure DevOps Engineer,"Name: Ekani Cheema
Email: forumsabharwal@example.net | Phone: 04680715451 | Location: Pune

EDUCATION
MCA — VIT Vellore (2022)

SKILLS
Ansible, Docker, Linux, GCP, Kubernetes, Azure, GitHub Actions, Security, Employee Relations, Performance Management

EXPERIENCE
DevOps Engineer / Cloud Infrastructure Intern — HCL Technologies (1 year)
Worked on devops projects involving data handling, cross-functional collaboration, and delivery of production-ready solutions.

PROJECTS
• CI/CD Pipeline Automation: Set up end-to-end CI/CD pipelines using Jenkins, Docker, and Kubernetes for a Node.js microservices application.
• Multi-Cloud Deployment: Migrated a monolithic app to microservices architecture deployed across AWS and GCP using Docker and Helm charts.

CERTIFICATIONS
• Azure DevOps Engineer

LANGUAGES
English, Bengali",name ekani cheema email phone location pune education mca vit vellore skills ansible docker linux gcp kubernetes azure github actions security employee relations performance management experience devops engineer cloud infrastructure intern hcl technologies year worked on devops projects involving data handling cross functional collaboration and delivery of production ready solutions projects ci cd pipeline automation set up end to end ci cd pipelines using jenkins docker and kubernetes for a node js microservices application multi cloud deployment migrated a monolithic app to microservices architecture deployed across aws and gcp using docker and helm charts certifications azure devops engineer languages english bengali,0.26033827674068005,26.03,DevOps Engineer,9
Widisha Dhar,DevOps,low,1,M.Tech CSE,"ELK Stack, Ansible, Azure, Firebase, Next.js, GraphQL, Room Database, Vue.js",,"Name: Widisha Dhar
Email: triyakumar@example.com | Phone: 00748217594 | Location: Mumbai

EDUCATION
M.Tech CSE — Netaji Subhas University of Technology (2024)

SKILLS
ELK Stack, Ansible, Azure, Firebase, Next.js, GraphQL, Room Database, Vue.js

EXPERIENCE
DevOps Engineer / Cloud Infrastructure Intern — Google India (1 year)
Worked on devops projects involving data handling, cross-functional collaboration, and delivery of production-ready solutions.

PROJECTS
• Infrastructure as Code: Provisioned AWS infrastructure (EC2, RDS, S3) using Terraform and Ansible for configuration management.
• CI/CD Pipeline Automation: Set up end-to-end CI/CD pipelines using Jenkins, Docker, and Kubernetes for a Node.js microservices application.

LANGUAGES
Punjabi, Hindi, English",name widisha dhar email phone location mumbai education m tech cse netaji subhas university of technology skills elk stack ansible azure firebase next js graphql room database vue js experience devops engineer cloud infrastructure intern google india year worked on devops projects involving data handling cross functional collaboration and delivery of production ready solutions projects infrastructure as code provisioned aws infrastructure ec rds s using terraform and ansible for configuration management ci cd pipeline automation set up end to end ci cd pipelines using jenkins docker and kubernetes for a node js microservices application languages punjabi hindi english,0.24878460623469145,24.88,DevOps Engineer,10
Yashodhara Mahajan,DevOps,medium,3,MCA,"GitHub Actions, GitLab, Ansible, Security, Jenkins, Nginx, Prometheus, Microservices, Jetpack Compose, Jupyter Notebook",,"Name: Yashodhara Mahajan
Email: esubramanian@example.org | Phone: 08263982146 | Location: Bengaluru

EDUCATION
MCA — Maharaja Surajmal Institute of Technology (2022)

SKILLS
GitHub Actions, GitLab, Ansible, Security, Jenkins, Nginx, Prometheus, Microservices, Jetpack Compose, Jupyter Notebook

EXPERIENCE
DevOps Engineer / Cloud Infrastructure Intern — Paytm (3 years)
Worked on devops projects involving data handling, cross-functional collaboration, and delivery of production-ready solutions.

PROJECTS
• Monitoring Dashboard: Deployed Prometheus and Grafana for real-time monitoring of containerized applications with alerting rules.
• CI/CD Pipeline Automation: Set up end-to-end CI/CD pipelines using Jenkins, Docker, and Kubernetes for a Node.js microservices application.

LANGUAGES
Gujarati, Hindi",name yashodhara mahajan email phone location bengaluru education mca maharaja surajmal institute of technology skills github actions gitlab ansible security jenkins nginx prometheus microservices jetpack compose jupyter notebook experience devops engineer cloud infrastructure intern paytm years worked on devops projects involving data handling cross functional collaboration and delivery of production ready solutions projects monitoring dashboard deployed prometheus and grafana for real time monitoring of containerized applications with alerting rules ci cd pipeline automation set up end to end ci cd pipelines using jenkins docker and kubernetes for a node js microservices application languages gujarati hindi,0.24351860013771157,24.35,DevOps Engineer,11
Lajita Nadig,DevOps,low,0,B.Tech IT,"Microservices, GCP, Ansible, Java, Matplotlib, spaCy, PyTorch, ViewModel",,"Name: Lajita Nadig
Email: nbanik@example.org | Phone: +914316117240 | Location: Noida

EDUCATION
B.Tech IT — Bennett University (2022)

SKILLS
Microservices, GCP, Ansible, Java, Matplotlib, spaCy, PyTorch, ViewModel

PROJECTS
• CI/CD Pipeline Automation: Set up end-to-end CI/CD pipelines using Jenkins, Docker, and Kubernetes for a Node.js microservices application.
• Infrastructure as Code: Provisioned AWS infrastructure (EC2, RDS, S3) using Terraform and Ansible for configuration management.
• Multi-Cloud Deployment: Migrated a monolithic app to microservices architecture deployed across AWS and GCP using Docker and Helm charts.

LANGUAGES
Bengali, English",name lajita nadig email phone location noida education b tech it bennett university skills microservices gcp ansible java matplotlib spacy pytorch viewmodel projects ci cd pipeline automation set up end to end ci cd pipelines using jenkins docker and kubernetes for a node js microservices application infrastructure as code provisioned aws infrastructure ec rds s using terraform and ansible for configuration management multi cloud deployment migrated a monolithic app to microservices architecture deployed across aws and gcp using docker and helm charts languages bengali english,0.24220105833801847,24.22,DevOps Engineer,12
Harish Sarraf,DevOps,low,2,B.Sc IT,"Prometheus, Nginx, Security, Delta Lake, PostgreSQL, Compensation & Benefits, Redshift, Docker",,"Name: Harish Sarraf
Email: voratanmayi@example.org | Phone: 2621745961 | Location: Noida

EDUCATION
B.Sc IT — Maharaja Surajmal Institute of Technology (2020)

SKILLS
Prometheus, Nginx, Security, Delta Lake, PostgreSQL, Compensation & Benefits, Redshift, Docker

EXPERIENCE
DevOps Engineer / Cloud Infrastructure Intern — MakeMyTrip (2 years)
Worked on devops projects involving data handling, cross-functional collaboration, and delivery of production-ready solutions.

PROJECTS
• CI/CD Pipeline Automation: Set up end-to-end CI/CD pipelines using Jenkins, Docker, and Kubernetes for a Node.js microservices application.
• Multi-Cloud Deployment: Migrated a monolithic app to microservices architecture deployed across AWS and GCP using Docker and Helm charts.
• Monitoring Dashboard: Deployed Prometheus and Grafana for real-time monitoring of containerized applications with alerting rules.

LANGUAGES
Telugu, English, Hindi",name harish sarraf email phone location noida education b sc it maharaja surajmal institute of technology skills prometheus nginx security delta lake postgresql compensation benefits redshift docker experience devops engineer cloud infrastructure intern makemytrip years worked on devops projects involving data handling cross functional collaboration and delivery of production ready solutions projects ci cd pipeline automation set up end to end ci cd pipelines using jenkins docker and kubernetes for a node js microservices application multi cloud deployment migrated a monolithic app to microservices architecture deployed across aws and gcp using docker and helm charts monitoring dashboard deployed prometheus and grafana for real time monitoring of containerized applications with alerting rules languages telugu english hindi,0.23468251000018628,23.47,DevOps Engineer,13
Ekanta Gulati,DevOps,low,2,MCA,"Networking, Docker, Jenkins, Express.js, MySQL, Next.js, JavaScript, MS Excel",,"Name: Ekanta Gulati
Email: leelakaur@example.com | Phone: +915766270289 | Location: Mumbai

EDUCATION
MCA — Jamia Millia Islamia (2023)

SKILLS
Networking, Docker, Jenkins, Express.js, MySQL, Next.js, JavaScript, MS Excel

EXPERIENCE
DevOps Engineer / Cloud Infrastructure Intern — Microsoft India (2 years)
Worked on devops projects involving data handling, cross-functional collaboration, and delivery of production-ready solutions.

PROJECTS
• CI/CD Pipeline Automation: Set up end-to-end CI/CD pipelines using Jenkins, Docker, and Kubernetes for a Node.js microservices application.
• Monitoring Dashboard: Deployed Prometheus and Grafana for real-time monitoring of containerized applications with alerting rules.
• Multi-Cloud Deployment: Migrated a monolithic app to microservices architecture deployed across AWS and GCP using Docker and Helm charts.

LANGUAGES
English, Hindi",name ekanta gulati email phone location mumbai education mca jamia millia islamia skills networking docker jenkins express js mysql next js javascript ms excel experience devops engineer cloud infrastructure intern microsoft india years worked on devops projects involving data handling cross functional collaboration and delivery of production ready solutions projects ci cd pipeline automation set up end to end ci cd pipelines using jenkins docker and kubernetes for a node js microservices application monitoring dashboard deployed prometheus and grafana for real time monitoring of containerized applications with alerting rules multi cloud deployment migrated a monolithic app to microservices architecture deployed across aws and gcp using docker and helm charts languages english hindi,0.2320034944411718,23.2,DevOps Engineer,14
Vedhika Dara,DevOps,medium,2,MCA,"Azure, Prometheus, Ansible, Grafana, Shell Scripting, GitHub Actions, Jenkins, Nginx, Play Store Deployment, PySpark",,"Name: Vedhika Dara
Email: khatrinathan@example.com | Phone: 0861317127 | Location: Noida

EDUCATION
MCA — Guru Gobind Singh Indraprastha University (2023)

SKILLS
Azure, Prometheus, Ansible, Grafana, Shell Scripting, GitHub Actions, Jenkins, Nginx, Play Store Deployment, PySpark

EXPERIENCE
DevOps Engineer / Cloud Infrastructure Intern — Swiggy (2 years)
Worked on devops projects involving data handling, cross-functional collaboration, and delivery of production-ready solutions.

PROJECTS
• Monitoring Dashboard: Deployed Prometheus and Grafana for real-time monitoring of containerized applications with alerting rules.

LANGUAGES
Hindi, English",name vedhika dara email phone location noida education mca guru gobind singh indraprastha university skills azure prometheus ansible grafana shell scripting github actions jenkins nginx play store deployment pyspark experience devops engineer cloud infrastructure intern swiggy years worked on devops projects involving data handling cross functional collaboration and delivery of production ready solutions projects monitoring dashboard deployed prometheus and grafana for real time monitoring of containerized applications with alerting rules languages hindi english,0.21512057932886072,21.51,DevOps Engineer,15
Jeet Sidhu,DevOps,medium,3,M.Tech CSE,"GCP, Kubernetes, Monitoring, Python, AWS, GitHub Actions, Microservices, Ansible, Power BI, R",,"Name: Jeet Sidhu
Email: neha48@example.net | Phone: 07190659401 | Location: Gurugram

EDUCATION
M.Tech CSE — KIIT University (2023)

SKILLS
GCP, Kubernetes, Monitoring, Python, AWS, GitHub Actions, Microservices, Ansible, Power BI, R

EXPERIENCE
DevOps Engineer / Cloud Infrastructure Intern — Google India (3 years)
Worked on devops projects involving data handling, cross-functional collaboration, and delivery of production-ready solutions.

PROJECTS
• Infrastructure as Code: Provisioned AWS infrastructure (EC2, RDS, S3) using Terraform and Ansible for configuration management.

LANGUAGES
Telugu, Hindi, English",name jeet sidhu email phone location gurugram education m tech cse kiit university skills gcp kubernetes monitoring python aws github actions microservices ansible power bi r experience devops engineer cloud infrastructure intern google india years worked on devops projects involving data handling cross functional collaboration and delivery of production ready solutions projects infrastructure as code provisioned aws infrastructure ec rds s using terraform and ansible for configuration management languages telugu hindi english,0.19775738921129798,19.78,DevOps Engineer,16
Upkaar Virk,DevOps,high,3,MCA,"Networking, Microservices, Kubernetes, Terraform, Grafana, Monitoring, GitHub Actions, Python, Linux, Jenkins, Bash, ELK Stack",,"Name: Upkaar Virk
Email: cseshadri@example.com | Phone: 6499091334 | Location: Pune

EDUCATION
MCA — NIT Trichy (2021)

SKILLS
Networking, Microservices, Kubernetes, Terraform, Grafana, Monitoring, GitHub Actions, Python, Linux, Jenkins, Bash, ELK Stack

EXPERIENCE
DevOps Engineer / Cloud Infrastructure Intern — Cognizant (3 years)
Worked on devops projects involving data handling, cross-functional collaboration, and delivery of production-ready solutions.

PROJECTS
• Monitoring Dashboard: Deployed Prometheus and Grafana for real-time monitoring of containerized applications with alerting rules.

LANGUAGES
Bengali, Telugu",name upkaar virk email phone location pune education mca nit trichy skills networking microservices kubernetes terraform grafana monitoring github actions python linux jenkins bash elk stack experience devops engineer cloud infrastructure intern cognizant years worked on devops projects involving data handling cross functional collaboration and delivery of production ready solutions projects monitoring dashboard deployed prometheus and grafana for real time monitoring of containerized applications with alerting rules languages bengali telugu,0.1846634349445486,18.47,DevOps Engineer,17
Zashil Shan,DevOps,low,0,M.Tech CSE,"Linux, Microservices, Security, Conflict Resolution, Talent Acquisition, Employee Relations, Compliance, Exit Management",,"Name: Zashil Shan
Email: rushil67@example.org | Phone: +916959440640 | Location: Gurugram

EDUCATION
M.Tech CSE — Amity University Noida (2024)

SKILLS
Linux, Microservices, Security, Conflict Resolution, Talent Acquisition, Employee Relations, Compliance, Exit Management

PROJECTS
• Monitoring Dashboard: Deployed Prometheus and Grafana for real-time monitoring of containerized applications with alerting rules.
• Infrastructure as Code: Provisioned AWS infrastructure (EC2, RDS, S3) using Terraform and Ansible for configuration management.

LANGUAGES
Punjabi, Tamil, English",name zashil shan email phone location gurugram education m tech cse amity university noida skills linux microservices security conflict resolution talent acquisition employee relations compliance exit management projects monitoring dashboard deployed prometheus and grafana for real time monitoring of containerized applications with alerting rules infrastructure as code provisioned aws infrastructure ec rds s using terraform and ansible for configuration management languages punjabi tamil english,0.14761866279353794,14.76,DevOps Engineer,18
Ekta Bhalla,DevOps,low,1,B.Tech IT,"GitHub Actions, Prometheus, Networking, Data Modeling, Redshift, Onboarding, SQL, MongoDB",,"Name: Ekta Bhalla
Email: jagrati56@example.org | Phone: +918692221969 | Location: Hyderabad

EDUCATION
B.Tech IT — Chandigarh University (2022)

SKILLS
GitHub Actions, Prometheus, Networking, Data Modeling, Redshift, Onboarding, SQL, MongoDB

EXPERIENCE
DevOps Engineer / Cloud Infrastructure Intern — Zomato (1 year)
Worked on devops projects involving data handling, cross-functional collaboration, and delivery of production-ready solutions.

PROJECTS
• Multi-Cloud Deployment: Migrated a monolithic app to microservices architecture deployed across AWS and GCP using Docker and Helm charts.
• Monitoring Dashboard: Deployed Prometheus and Grafana for real-time monitoring of containerized applications with alerting rules.

LANGUAGES
Hindi, Tamil, English",name ekta bhalla email phone location hyderabad education b tech it chandigarh university skills github actions prometheus networking data modeling redshift onboarding sql mongodb experience devops engineer cloud infrastructure intern zomato year worked on devops projects involving data handling cross functional collaboration and delivery of production ready solutions projects multi cloud deployment migrated a monolithic app to microservices architecture deployed across aws and gcp using docker and helm charts monitoring dashboard deployed prometheus and grafana for real time monitoring of containerized applications with alerting rules languages hindi tamil english,0.12653921719026037,12.65,DevOps Engineer,19
Yashica Loke,DevOps,low,0,B.Tech IT,"Prometheus, GitLab, Security, Jupyter Notebook, OpenCV, spaCy, Compliance, Onboarding",,"Name: Yashica Loke
Email: mandalchanchal@example.net | Phone: 7278755886 | Location: Mumbai

EDUCATION
B.Tech IT — Jamia Millia Islamia (2023)

SKILLS
Prometheus, GitLab, Security, Jupyter Notebook, OpenCV, spaCy, Compliance, Onboarding

PROJECTS
• Multi-Cloud Deployment: Migrated a monolithic app to microservices architecture deployed across AWS and GCP using Docker and Helm charts.

LANGUAGES
Bengali, Punjabi, English",name yashica loke email phone location mumbai education b tech it jamia millia islamia skills prometheus gitlab security jupyter notebook opencv spacy compliance onboarding projects multi cloud deployment migrated a monolithic app to microservices architecture deployed across aws and gcp using docker and helm charts languages bengali punjabi english,0.06669907180655642,6.67,DevOps Engineer,20
Watika Mangat,Android Development,high,2,B.Sc IT,"Android SDK, MVVM, Material Design, Coroutines, Kotlin, Unit Testing, ViewModel, Git, SQLite, XML, Push Notifications, Hilt",Meta Android Developer Certificate,"Name: Watika Mangat
Email: indirakanda@example.net | Phone: +919421047095 | Location: Hyderabad

EDUCATION
B.Sc IT — Manipal Institute of Technology (2022)

SKILLS
Android SDK, MVVM, Material Design, Coroutines, Kotlin, Unit Testing, ViewModel, Git, SQLite, XML, Push Notifications, Hilt

EXPERIENCE
Android Developer Intern / Junior Android Engineer — Amazon India (2 years)
Worked on android development projects involving data handling, cross-functional collaboration, and delivery of production-ready solutions.

PROJECTS
• News Reader App: Developed a news aggregator Android app using Retrofit, REST API, and Jetpack Compose with category-based filtering.
• Chat Application: Created a real-time chat app using Kotlin, Firebase Authentication, and Firestore with push notifications via FCM.

CERTIFICATIONS
• Meta Android Developer Certificate

LANGUAGES
Gujarati, Marathi",name watika mangat email phone location hyderabad education b sc it manipal institute of technology skills android sdk mvvm material design coroutines kotlin unit testing viewmodel git sqlite xml push notifications hilt experience android developer intern junior android engineer amazon india years worked on android development projects involving data handling cross functional collaboration and delivery of production ready solutions projects news reader app developed a news aggregator android app using retrofit rest api and jetpack compose with category based filtering chat application created a real time chat app using kotlin firebase authentication and firestore with push notifications via fcm certifications meta android developer certificate languages gujarati marathi,0.36918766260543406,36.92,Android Developer,1
Kalpit Zachariah,Android Development,medium,2,B.Sc IT,"Kotlin, Room Database, Git, Hilt, Coroutines, Unit Testing, XML, Android SDK, Computer Vision, NumPy",Udacity Android Nanodegree,"Name: Kalpit Zachariah
Email: owen10@example.org | Phone: +915395024026 | Location: Noida

EDUCATION
B.Sc IT — Netaji Subhas University of Technology (2023)

SKILLS
Kotlin, Room Database, Git, Hilt, Coroutines, Unit Testing, XML, Android SDK, Computer Vision, NumPy

EXPERIENCE
Android Developer Intern / Junior Android Engineer — Tech Mahindra (2 years)
Worked on android development projects involving data handling, cross-functional collaboration, and delivery of production-ready solutions.

PROJECTS
• Food Delivery App: Developed an Android food delivery app in Kotlin with real-time order tracking, Firebase Realtime Database, and Google Maps API.

CERTIFICATIONS
• Udacity Android Nanodegree

LANGUAGES
Bengali, Hindi",name kalpit zachariah email phone location noida education b sc it netaji subhas university of technology skills kotlin room database git hilt coroutines unit testing xml android sdk computer vision numpy experience android developer intern junior android engineer tech mahindra years worked on android development projects involving data handling cross functional collaboration and delivery of production ready solutions projects food delivery app developed an android food delivery app in kotlin with real time order tracking firebase realtime database and google maps api certifications udacity android nanodegree languages bengali hindi,0.36296212896374425,36.3,Android Developer,2
Kamala Kalla,Android Development,medium,2,BCA,"XML, Push Notifications, MVVM, Android SDK, REST API, Jetpack Compose, Coroutines, Hilt, Payroll",,"Name: Kamala Kalla
Email: psaxena@example.com | Phone: +915850643171 | Location: Chennai

EDUCATION
BCA — Lovely Professional University (2021)

SKILLS
XML, Push Notifications, MVVM, Android SDK, REST API, Jetpack Compose, Coroutines, Hilt, Payroll

EXPERIENCE
Android Developer Intern / Junior Android Engineer — Google India (2 years)
Worked on android development projects involving data handling, cross-functional collaboration, and delivery of production-ready solutions.

PROJECTS
• News Reader App: Developed a news aggregator Android app using Retrofit, REST API, and Jetpack Compose with category-based filtering.

LANGUAGES
English, Tamil, Telugu",name kamala kalla email phone location chennai education bca lovely professional university skills xml push notifications mvvm android sdk rest api jetpack compose coroutines hilt payroll experience android developer intern junior android engineer google india years worked on android development projects involving data handling cross functional collaboration and delivery of production ready solutions projects news reader app developed a news aggregator android app using retrofit rest api and jetpack compose with category based filtering languages english tamil telugu,0.3571393000614635,35.71,Android Developer,3
Vivaan Sinha,Android Development,high,4,B.Sc IT,"MVVM, REST API, SQLite, LiveData, Google Maps API, Coroutines, Room Database, Android SDK, XML, Kotlin, Retrofit, Hilt","Google Associate Android Developer, Udacity Android Nanodegree","Name: Vivaan Sinha
Email: narangtimothy@example.net | Phone: +917461200471 | Location: Mumbai

EDUCATION
B.Sc IT — Chandigarh University (2022)

SKILLS
MVVM, REST API, SQLite, LiveData, Google Maps API, Coroutines, Room Database, Android SDK, XML, Kotlin, Retrofit, Hilt

EXPERIENCE
Android Developer Intern / Junior Android Engineer — Freshworks (4 years)
Worked on android development projects involving data handling, cross-functional collaboration, and delivery of production-ready solutions.

PROJECTS
• Expense Tracker: Built a personal finance app using Kotlin, Room Database, and MVVM architecture with charts for spending analytics.

CERTIFICATIONS
• Google Associate Android Developer
• Udacity Android Nanodegree

LANGUAGES
Marathi, Hindi",name vivaan sinha email phone location mumbai education b sc it chandigarh university skills mvvm rest api sqlite livedata google maps api coroutines room database android sdk xml kotlin retrofit hilt experience android developer intern junior android engineer freshworks years worked on android development projects involving data handling cross functional collaboration and delivery of production ready solutions projects expense tracker built a personal finance app using kotlin room database and mvvm architecture with charts for spending analytics certifications google associate android developer udacity android nanodegree languages marathi hindi,0.35431563314934184,35.43,Android Developer,4
Faqid Dhaliwal,Android Development,high,2,B.Tech IT,"Jetpack Compose, MVVM, Retrofit, Firebase, LiveData, Android SDK, Play Store Deployment, Material Design, Room Database, SQLite, Unit Testing, Coroutines",,"Name: Faqid Dhaliwal
Email: mekhalapau@example.org | Phone: 00481754965 | Location: Mumbai

EDUCATION
B.Tech IT — Guru Gobind Singh Indraprastha University (2022)

SKILLS
Jetpack Compose, MVVM, Retrofit, Firebase, LiveData, Android SDK, Play Store Deployment, Material Design, Room Database, SQLite, Unit Testing, Coroutines

EXPERIENCE
Android Developer Intern / Junior Android Engineer — Naukri.com (2 years)
Worked on android development projects involving data handling, cross-functional collaboration, and delivery of production-ready solutions.

PROJECTS
• Food Delivery App: Developed an Android food delivery app in Kotlin with real-time order tracking, Firebase Realtime Database, and Google Maps API.
• Chat Application: Created a real-time chat app using Kotlin, Firebase Authentication, and Firestore with push notifications via FCM.
• Expense Tracker: Built a personal finance app using Kotlin, Room Database, and MVVM architecture with charts for spending analytics.

LANGUAGES
Marathi, Bengali, Punjabi",name faqid dhaliwal email phone location mumbai education b tech it guru gobind singh indraprastha university skills jetpack compose mvvm retrofit firebase livedata android sdk play store deployment material design room database sqlite unit testing coroutines experience android developer intern junior android engineer naukri com years worked on android development projects involving data handling cross functional collaboration and delivery of production ready solutions projects food delivery app developed an android food delivery app in kotlin with real time order tracking firebase realtime database and google maps api chat application created a real time chat app using kotlin firebase authentication and firestore with push notifications via fcm expense tracker built a personal finance app using kotlin room database and mvvm architecture with charts for spending analytics languages marathi bengali punjabi,0.33835311512959865,33.84,Android Developer,5
Devansh Soni,Android Development,medium,1,B.Tech CSE,"Unit Testing, Push Notifications, Java, Jetpack Compose, Google Maps API, Android SDK, Material Design, SQLite, Monitoring, spaCy","Meta Android Developer Certificate, Google Associate Android Developer","Name: Devansh Soni
Email: gpathak@example.net | Phone: +917839084700 | Location: Chennai

EDUCATION
B.Tech CSE — Amity University Noida (2019)

SKILLS
Unit Testing, Push Notifications, Java, Jetpack Compose, Google Maps API, Android SDK, Material Design, SQLite, Monitoring, spaCy

EXPERIENCE
Android Developer Intern / Junior Android Engineer — Freshworks (1 year)
Worked on android development projects involving data handling, cross-functional collaboration, and delivery of production-ready solutions.

PROJECTS
• Expense Tracker: Built a personal finance app using Kotlin, Room Database, and MVVM architecture with charts for spending analytics.
• Chat Application: Created a real-time chat app using Kotlin, Firebase Authentication, and Firestore with push notifications via FCM.
• News Reader App: Developed a news aggregator Android app using Retrofit, REST API, and Jetpack Compose with category-based filtering.

CERTIFICATIONS
• Meta Android Developer Certificate
• Google Associate Android Developer

LANGUAGES
Punjabi, English, Gujarati",name devansh soni email phone location chennai education b tech cse amity university noida skills unit testing push notifications java jetpack compose google maps api android sdk material design sqlite monitoring spacy experience android developer intern junior android engineer freshworks year worked on android development projects involving data handling cross functional collaboration and delivery of production ready solutions projects expense tracker built a personal finance app using kotlin room database and mvvm architecture with charts for spending analytics chat application created a real time chat app using kotlin firebase authentication and firestore with push notifications via fcm news reader app developed a news aggregator android app using retrofit rest api and jetpack compose with category based filtering certifications meta android developer certificate google associate android developer languages punjabi english gujarati,0.33043639551788656,33.04,Android Developer,6
Jason Roy,Android Development,medium,3,B.Tech CSE,"Navigation Component, Material Design, ViewModel, Android SDK, Play Store Deployment, REST API, Git, Room Database, Nginx, Azure","Udacity Android Nanodegree, Google Associate Android Developer","Name: Jason Roy
Email: pallavi04@example.net | Phone: 05198327315 | Location: Hyderabad

EDUCATION
B.Tech CSE — NIT Trichy (2019)

SKILLS
Navigation Component, Material Design, ViewModel, Android SDK, Play Store Deployment, REST API, Git, Room Database, Nginx, Azure

EXPERIENCE
Android Developer Intern / Junior Android Engineer — Swiggy (3 years)
Worked on android development projects involving data handling, cross-functional collaboration, and delivery of production-ready solutions.

PROJECTS
• Chat Application: Created a real-time chat app using Kotlin, Firebase Authentication, and Firestore with push notifications via FCM.
• News Reader App: Developed a news aggregator Android app using Retrofit, REST API, and Jetpack Compose with category-based filtering.
• Expense Tracker: Built a personal finance app using Kotlin, Room Database, and MVVM architecture with charts for spending analytics.

CERTIFICATIONS
• Udacity Android Nanodegree
• Google Associate Android Developer

LANGUAGES
Telugu, Bengali, Tamil",name jason roy email phone location hyderabad education b tech cse nit trichy skills navigation component material design viewmodel android sdk play store deployment rest api git room database nginx azure experience android developer intern junior android engineer swiggy years worked on android development projects involving data handling cross functional collaboration and delivery of production ready solutions projects chat application created a real time chat app using kotlin firebase authentication and firestore with push notifications via fcm news reader app developed a news aggregator android app using retrofit rest api and jetpack compose with category based filtering expense tracker built a personal finance app using kotlin room database and mvvm architecture with charts for spending analytics certifications udacity android nanodegree google associate android developer languages telugu bengali tamil,0.32748358856112153,32.75,Android Developer,7
Dhriti Sane,Android Development,medium,1,BCA,"Material Design, ViewModel, Kotlin, Coroutines, Git, MVVM, Android SDK, Hilt, GCP, ELK Stack","Udacity Android Nanodegree, Google Associate Android Developer","Name: Dhriti Sane
Email: aadhya52@example.net | Phone: 01111615280 | Location: Chennai

EDUCATION
BCA — Delhi Technological University (2019)

SKILLS
Material Design, ViewModel, Kotlin, Coroutines, Git, MVVM, Android SDK, Hilt, GCP, ELK Stack

EXPERIENCE
Android Developer Intern / Junior Android Engineer — BYJU'S (1 year)
Worked on android development projects involving data handling, cross-functional collaboration, and delivery of production-ready solutions.

PROJECTS
• News Reader App: Developed a news aggregator Android app using Retrofit, REST API, and Jetpack Compose with category-based filtering.
• Chat Application: Created a real-time chat app using Kotlin, Firebase Authentication, and Firestore with push notifications via FCM.

CERTIFICATIONS
• Udacity Android Nanodegree
• Google Associate Android Developer

LANGUAGES
Hindi, Gujarati",name dhriti sane email phone location chennai education bca delhi technological university skills material design viewmodel kotlin coroutines git mvvm android sdk hilt gcp elk stack experience android developer intern junior android engineer byju s year worked on android development projects involving data handling cross functional collaboration and delivery of production ready solutions projects news reader app developed a news aggregator android app using retrofit rest api and jetpack compose with category based filtering chat application created a real time chat app using kotlin firebase authentication and firestore with push notifications via fcm certifications udacity android nanodegree google associate android developer languages hindi gujarati,0.3223189437276349,32.23,Android Developer,8
Chaitaly Setty,Android Development,medium,1,B.Tech CSE,"Git, Jetpack Compose, Material Design, LiveData, REST API, Hilt, Navigation Component, SQLite, Payroll, GCP","Udacity Android Nanodegree, Meta Android Developer Certificate","Name: Chaitaly Setty
Email: ychaudhary@example.net | Phone: +918367365766 | Location: Pune

EDUCATION
B.Tech CSE — Bennett University (2022)

SKILLS
Git, Jetpack Compose, Material Design, LiveData, REST API, Hilt, Navigation Component, SQLite, Payroll, GCP

EXPERIENCE
Android Developer Intern / Junior Android Engineer — Cognizant (1 year)
Worked on android development projects involving data handling, cross-functional collaboration, and delivery of production-ready solutions.

PROJECTS
• News Reader App: Developed a news aggregator Android app using Retrofit, REST API, and Jetpack Compose with category-based filtering.
• Chat Application: Created a real-time chat app using Kotlin, Firebase Authentication, and Firestore with push notifications via FCM.

CERTIFICATIONS
• Udacity Android Nanodegree
• Meta Android Developer Certificate

LANGUAGES
Hindi, Punjabi",name chaitaly setty email phone location pune education b tech cse bennett university skills git jetpack compose material design livedata rest api hilt navigation component sqlite payroll gcp experience android developer intern junior android engineer cognizant year worked on android development projects involving data handling cross functional collaboration and delivery of production ready solutions projects news reader app developed a news aggregator android app using retrofit rest api and jetpack compose with category based filtering chat application created a real time chat app using kotlin firebase authentication and firestore with push notifications via fcm certifications udacity android nanodegree meta android developer certificate languages hindi punjabi,0.3095905976197641,30.96,Android Developer,9
Wahab Yogi,Android Development,high,5,MCA,"ViewModel, Room Database, Material Design, MVVM, Coroutines, Hilt, Push Notifications, Firebase, Play Store Deployment, Navigation Component, LiveData, XML",Udacity Android Nanodegree,"Name: Wahab Yogi
Email: lipikasetty@example.com | Phone: 8692617964 | Location: Mumbai

EDUCATION
MCA — BITS Pilani (2022)

SKILLS
ViewModel, Room Database, Material Design, MVVM, Coroutines, Hilt, Push Notifications, Firebase, Play Store Deployment, Navigation Component, LiveData, XML

EXPERIENCE
Android Developer Intern / Junior Android Engineer — Zomato (5 years)
Worked on android development projects involving data handling, cross-functional collaboration, and delivery of production-ready solutions.

PROJECTS
• Food Delivery App: Developed an Android food delivery app in Kotlin with real-time order tracking, Firebase Realtime Database, and Google Maps API.
• Chat Application: Created a real-time chat app using Kotlin, Firebase Authentication, and Firestore with push notifications via FCM.

CERTIFICATIONS
• Udacity Android Nanodegree

LANGUAGES
Marathi, Hindi, Gujarati",name wahab yogi email phone location mumbai education mca bits pilani skills viewmodel room database material design mvvm coroutines hilt push notifications firebase play store deployment navigation component livedata xml experience android developer intern junior android engineer zomato years worked on android development projects involving data handling cross functional collaboration and delivery of production ready solutions projects food delivery app developed an android food delivery app in kotlin with real time order tracking firebase realtime database and google maps api chat application created a real time chat app using kotlin firebase authentication and firestore with push notifications via fcm certifications udacity android nanodegree languages marathi hindi gujarati,0.2949313704188456,29.49,Android Developer,10
Gautam Merchant,Android Development,high,3,B.Sc IT,"XML, LiveData, Android SDK, Push Notifications, REST API, Kotlin, Room Database, ViewModel, Material Design, Navigation Component, Google Maps API, Coroutines",Udacity Android Nanodegree,"Name: Gautam Merchant
Email: ojasvi23@example.org | Phone: 5884247451 | Location: New Delhi

EDUCATION
B.Sc IT — Guru Gobind Singh Indraprastha University (2020)

SKILLS
XML, LiveData, Android SDK, Push Notifications, REST API, Kotlin, Room Database, ViewModel, Material Design, Navigation Component, Google Maps API, Coroutines

EXPERIENCE
Android Developer Intern / Junior Android Engineer — Google India (3 years)
Worked on android development projects involving data handling, cross-functional collaboration, and delivery of production-ready solutions.

PROJECTS
• Chat Application: Created a real-time chat app using Kotlin, Firebase Authentication, and Firestore with push notifications via FCM.
• Food Delivery App: Developed an Android food delivery app in Kotlin with real-time order tracking, Firebase Realtime Database, and Google Maps API.
• Expense Tracker: Built a personal finance app using Kotlin, Room Database, and MVVM architecture with charts for spending analytics.

CERTIFICATIONS
• Udacity Android Nanodegree

LANGUAGES
Bengali, Gujarati, Telugu",name gautam merchant email phone location new delhi education b sc it guru gobind singh indraprastha university skills xml livedata android sdk push notifications rest api kotlin room database viewmodel material design navigation component google maps api coroutines experience android developer intern junior android engineer google india years worked on android development projects involving data handling cross functional collaboration and delivery of production ready solutions projects chat application created a real time chat app using kotlin firebase authentication and firestore with push notifications via fcm food delivery app developed an android food delivery app in kotlin with real time order tracking firebase realtime database and google maps api expense tracker built a personal finance app using kotlin room database and mvvm architecture with charts for spending analytics certifications udacity android nanodegree languages bengali gujarati telugu,0.2937273943450617,29.37,Android Developer,11
Neelima Sandhu,Android Development,medium,3,B.Sc IT,"Firebase, Android SDK, Material Design, Kotlin, MVVM, LiveData, XML, Unit Testing, PostgreSQL, Redis",Udacity Android Nanodegree,"Name: Neelima Sandhu
Email: swaminathansachi@example.org | Phone: +915921249985 | Location: Chennai

EDUCATION
B.Sc IT — Bennett University (2024)

SKILLS
Firebase, Android SDK, Material Design, Kotlin, MVVM, LiveData, XML, Unit Testing, PostgreSQL, Redis

EXPERIENCE
Android Developer Intern / Junior Android Engineer — PhonePe (3 years)
Worked on android development projects involving data handling, cross-functional collaboration, and delivery of production-ready solutions.

PROJECTS
• Chat Application: Created a real-time chat app using Kotlin, Firebase Authentication, and Firestore with push notifications via FCM.

CERTIFICATIONS
• Udacity Android Nanodegree

LANGUAGES
Tamil, Punjabi",name neelima sandhu email phone location chennai education b sc it bennett university skills firebase android sdk material design kotlin mvvm livedata xml unit testing postgresql redis experience android developer intern junior android engineer phonepe years worked on android development projects involving data handling cross functional collaboration and delivery of production ready solutions projects chat application created a real time chat app using kotlin firebase authentication and firestore with push notifications via fcm certifications udacity android nanodegree languages tamil punjabi,0.2910630703146237,29.11,Android Developer,12
Ansh Bedi,Android Development,medium,2,B.Tech IT,"Java, LiveData, XML, Hilt, Firebase, Room Database, Android SDK, Navigation Component, Bootstrap, MongoDB",,"Name: Ansh Bedi
Email: yagnesh29@example.org | Phone: +918393352904 | Location: Noida

EDUCATION
B.Tech IT — Manipal Institute of Technology (2018)

SKILLS
Java, LiveData, XML, Hilt, Firebase, Room Database, Android SDK, Navigation Component, Bootstrap, MongoDB

EXPERIENCE
Android Developer Intern / Junior Android Engineer — Wipro (2 years)
Worked on android development projects involving data handling, cross-functional collaboration, and delivery of production-ready solutions.

PROJECTS
• Chat Application: Created a real-time chat app using Kotlin, Firebase Authentication, and Firestore with push notifications via FCM.

LANGUAGES
Tamil, Marathi, Hindi",name ansh bedi email phone location noida education b tech it manipal institute of technology skills java livedata xml hilt firebase room database android sdk navigation component bootstrap mongodb experience android developer intern junior android engineer wipro years worked on android development projects involving data handling cross functional collaboration and delivery of production ready solutions projects chat application created a real time chat app using kotlin firebase authentication and firestore with push notifications via fcm languages tamil marathi hindi,0.24565733432493553,24.57,Android Developer,13
Qushi Gill,Android Development,low,1,B.Tech IT,"Coroutines, Hilt, Java, GitLab, Tableau, AWS, Scala, Bash",,"Name: Qushi Gill
Email: lajitawalia@example.net | Phone: +918851606071 | Location: Noida

EDUCATION
B.Tech IT — Jamia Millia Islamia (2021)

SKILLS
Coroutines, Hilt, Java, GitLab, Tableau, AWS, Scala, Bash

EXPERIENCE
Android Developer Intern / Junior Android Engineer — Wipro (1 year)
Worked on android development projects involving data handling, cross-functional collaboration, and delivery of production-ready solutions.

PROJECTS
• News Reader App: Developed a news aggregator Android app using Retrofit, REST API, and Jetpack Compose with category-based filtering.
• Food Delivery App: Developed an Android food delivery app in Kotlin with real-time order tracking, Firebase Realtime Database, and Google Maps API.

LANGUAGES
Punjabi, Tamil",name qushi gill email phone location noida education b tech it jamia millia islamia skills coroutines hilt java gitlab tableau aws scala bash experience android developer intern junior android engineer wipro year worked on android development projects involving data handling cross functional collaboration and delivery of production ready solutions projects news reader app developed a news aggregator android app using retrofit rest api and jetpack compose with category based filtering food delivery app developed an android food delivery app in kotlin with real time order tracking firebase realtime database and google maps api languages punjabi tamil,0.2263587057018182,22.64,Android Developer,14
Bhanumati Sur,Android Development,low,2,BCA,"Unit Testing, Retrofit, Firebase, Pandas, Computer Vision, Ansible, Statistics, Terraform",,"Name: Bhanumati Sur
Email: chakradev36@example.net | Phone: +910343244510 | Location: Bengaluru

EDUCATION
BCA — BITS Pilani (2022)

SKILLS
Unit Testing, Retrofit, Firebase, Pandas, Computer Vision, Ansible, Statistics, Terraform

EXPERIENCE
Android Developer Intern / Junior Android Engineer — Freshworks (2 years)
Worked on android development projects involving data handling, cross-functional collaboration, and delivery of production-ready solutions.

PROJECTS
• Chat Application: Created a real-time chat app using Kotlin, Firebase Authentication, and Firestore with push notifications via FCM.

LANGUAGES
English, Marathi, Gujarati",name bhanumati sur email phone location bengaluru education bca bits pilani skills unit testing retrofit firebase pandas computer vision ansible statistics terraform experience android developer intern junior android engineer freshworks years worked on android development projects involving data handling cross functional collaboration and delivery of production ready solutions projects chat application created a real time chat app using kotlin firebase authentication and firestore with push notifications via fcm languages english marathi gujarati,0.1935832380331124,19.36,Android Developer,15
Ishwar Mallick,Android Development,low,0,B.Tech CSE,"Android SDK, Material Design, SQLite, Jupyter Notebook, MongoDB, LightGBM, Docker, Power BI",,"Name: Ishwar Mallick
Email: pushtibal@example.net | Phone: 4024455022 | Location: Mumbai

EDUCATION
B.Tech CSE — VIT Vellore (2022)

SKILLS
Android SDK, Material Design, SQLite, Jupyter Notebook, MongoDB, LightGBM, Docker, Power BI

PROJECTS
• Expense Tracker: Built a personal finance app using Kotlin, Room Database, and MVVM architecture with charts for spending analytics.
• Food Delivery App: Developed an Android food delivery app in Kotlin with real-time order tracking, Firebase Realtime Database, and Google Maps API.

LANGUAGES
Telugu, Marathi, Hindi",name ishwar mallick email phone location mumbai education b tech cse vit vellore skills android sdk material design sqlite jupyter notebook mongodb lightgbm docker power bi projects expense tracker built a personal finance app using kotlin room database and mvvm architecture with charts for spending analytics food delivery app developed an android food delivery app in kotlin with real time order tracking firebase realtime database and google maps api languages telugu marathi hindi,0.1741486222617734,17.41,Android Developer,16
Nakul Bawa,Android Development,low,1,B.Sc IT,"Navigation Component, Push Notifications, ViewModel, REST API, HRMS, Compensation & Benefits, React, MySQL",,"Name: Nakul Bawa
Email: magarsaanvi@example.net | Phone: 07976438156 | Location: Hyderabad

EDUCATION
B.Sc IT — Guru Gobind Singh Indraprastha University (2020)

SKILLS
Navigation Component, Push Notifications, ViewModel, REST API, HRMS, Compensation & Benefits, React, MySQL

EXPERIENCE
Android Developer Intern / Junior Android Engineer — Cognizant (1 year)
Worked on android development projects involving data handling, cross-functional collaboration, and delivery of production-ready solutions.

PROJECTS
• Chat Application: Created a real-time chat app using Kotlin, Firebase Authentication, and Firestore with push notifications via FCM.
• Food Delivery App: Developed an Android food delivery app in Kotlin with real-time order tracking, Firebase Realtime Database, and Google Maps API.

LANGUAGES
Bengali, Gujarati",name nakul bawa email phone location hyderabad education b sc it guru gobind singh indraprastha university skills navigation component push notifications viewmodel rest api hrms compensation benefits react mysql experience android developer intern junior android engineer cognizant year worked on android development projects involving data handling cross functional collaboration and delivery of production ready solutions projects chat application created a real time chat app using kotlin firebase authentication and firestore with push notifications via fcm food delivery app developed an android food delivery app in kotlin with real time order tracking firebase realtime database and google maps api languages bengali gujarati,0.15518729189106403,15.52,Android Developer,17
Pushti Ravel,Android Development,low,0,B.Tech IT,"LiveData, ViewModel, Material Design, GCP, Python, MongoDB, PostgreSQL, Docker",,"Name: Pushti Ravel
Email: hmann@example.com | Phone: +915297516136 | Location: New Delhi

EDUCATION
B.Tech IT — Maharaja Surajmal Institute of Technology (2020)

SKILLS
LiveData, ViewModel, Material Design, GCP, Python, MongoDB, PostgreSQL, Docker

PROJECTS
• News Reader App: Developed a news aggregator Android app using Retrofit, REST API, and Jetpack Compose with category-based filtering.
• Chat Application: Created a real-time chat app using Kotlin, Firebase Authentication, and Firestore with push notifications via FCM.

LANGUAGES
Tamil, Hindi, English",name pushti ravel email phone location new delhi education b tech it maharaja surajmal institute of technology skills livedata viewmodel material design gcp python mongodb postgresql docker projects news reader app developed a news aggregator android app using retrofit rest api and jetpack compose with category based filtering chat application created a real time chat app using kotlin firebase authentication and firestore with push notifications via fcm languages tamil hindi english,0.11776272587805907,11.78,Android Developer,18
Ekaraj Dhar,Android Development,low,0,B.Tech CSE,"Google Maps API, Java, Jetpack Compose, Ansible, Helm, Compensation & Benefits, Networking, Payroll",,"Name: Ekaraj Dhar
Email: chandtanveer@example.com | Phone: 07525459910 | Location: Bengaluru

EDUCATION
B.Tech CSE — Jamia Millia Islamia (2021)

SKILLS
Google Maps API, Java, Jetpack Compose, Ansible, Helm, Compensation & Benefits, Networking, Payroll

PROJECTS
• Chat Application: Created a real-time chat app using Kotlin, Firebase Authentication, and Firestore with push notifications via FCM.

LANGUAGES
Marathi, Gujarati, Tamil",name ekaraj dhar email phone location bengaluru education b tech cse jamia millia islamia skills google maps api java jetpack compose ansible helm compensation benefits networking payroll projects chat application created a real time chat app using kotlin firebase authentication and firestore with push notifications via fcm languages marathi gujarati tamil,0.10156775566306839,10.16,Android Developer,19
Farhan Randhawa,Android Development,low,0,B.Tech CSE,"LiveData, Play Store Deployment, ViewModel, Policy Drafting, Compensation & Benefits, Payroll, Redis, CSS",,"Name: Farhan Randhawa
Email: harinakshi35@example.org | Phone: +918188355231 | Location: Chennai

EDUCATION
B.Tech CSE — Bennett University (2022)

SKILLS
LiveData, Play Store Deployment, ViewModel, Policy Drafting, Compensation & Benefits, Payroll, Redis, CSS

PROJECTS
• Food Delivery App: Developed an Android food delivery app in Kotlin with real-time order tracking, Firebase Realtime Database, and Google Maps API.

LANGUAGES
Tamil, Hindi, Telugu",name farhan randhawa email phone location chennai education b tech cse bennett university skills livedata play store deployment viewmodel policy drafting compensation benefits payroll redis css projects food delivery app developed an android food delivery app in kotlin with real time order tracking firebase realtime database and google maps api languages tamil hindi telugu,0.09334079669685033,9.33,Android Developer,20
Hamsini Ben,Data Engineering,high,5,M.Tech CSE,"MySQL, Delta Lake, dbt, Docker, ETL Pipelines, BigQuery, Scala, AWS Glue, Snowflake, Kafka, Data Warehousing, Cassandra","Google Professional Data Engineer, AWS Data Analytics Specialty","Name: Hamsini Ben
Email: dominic51@example.net | Phone: 6449251925 | Location: Pune

EDUCATION
M.Tech CSE — Jamia Millia Islamia (2024)

SKILLS
MySQL, Delta Lake, dbt, Docker, ETL Pipelines, BigQuery, Scala, AWS Glue, Snowflake, Kafka, Data Warehousing, Cassandra

EXPERIENCE
Data Engineering Intern / Junior Data Engineer — Oracle India (5 years)
Worked on data engineering projects involving data handling, cross-functional collaboration, and delivery of production-ready solutions.

PROJECTS
• ETL Pipeline for E-Commerce: Built scalable ETL pipelines using Apache Spark and Airflow to process 10GB+ daily transactional data into Redshift.
• Data Warehouse Migration: Migrated legacy Oracle data warehouse to Snowflake, reducing query time by 60% using dbt for transformations.

CERTIFICATIONS
• Google Professional Data Engineer
• AWS Data Analytics Specialty

LANGUAGES
Bengali, Tamil, Punjabi",name hamsini ben email phone location pune education m tech cse jamia millia islamia skills mysql delta lake dbt docker etl pipelines bigquery scala aws glue snowflake kafka data warehousing cassandra experience data engineering intern junior data engineer oracle india years worked on data engineering projects involving data handling cross functional collaboration and delivery of production ready solutions projects etl pipeline for e commerce built scalable etl pipelines using apache spark and airflow to process gb daily transactional data into redshift data warehouse migration migrated legacy oracle data warehouse to snowflake reducing query time by using dbt for transformations certifications google professional data engineer aws data analytics specialty languages bengali tamil punjabi,0.4352652643673193,43.53,Data Engineer,1
Manya Dayal,Data Engineering,medium,2,B.Sc Statistics,"Kafka, Snowflake, SQL, Docker, Apache Spark, Scala, Data Modeling, Data Warehousing, Jetpack Compose, Django",Google Professional Data Engineer,"Name: Manya Dayal
Email: mukherjeekrisha@example.net | Phone: 02816850542 | Location: New Delhi

EDUCATION
B.Sc Statistics — KIIT University (2022)

SKILLS
Kafka, Snowflake, SQL, Docker, Apache Spark, Scala, Data Modeling, Data Warehousing, Jetpack Compose, Django

EXPERIENCE
Data Engineering Intern / Junior Data Engineer — Naukri.com (2 years)
Worked on data engineering projects involving data handling, cross-functional collaboration, and delivery of production-ready solutions.

PROJECTS
• Real-Time Streaming Pipeline: Developed a real-time data streaming solution using Kafka and PySpark for processing social media feeds.
• Data Warehouse Migration: Migrated legacy Oracle data warehouse to Snowflake, reducing query time by 60% using dbt for transformations.
• ETL Pipeline for E-Commerce: Built scalable ETL pipelines using Apache Spark and Airflow to process 10GB+ daily transactional data into Redshift.

CERTIFICATIONS
• Google Professional Data Engineer

LANGUAGES
Tamil, Hindi",name manya dayal email phone location new delhi education b sc statistics kiit university skills kafka snowflake sql docker apache spark scala data modeling data warehousing jetpack compose django experience data engineering intern junior data engineer naukri com years worked on data engineering projects involving data handling cross functional collaboration and delivery of production ready solutions projects real time streaming pipeline developed a real time data streaming solution using kafka and pyspark for processing social media feeds data warehouse migration migrated legacy oracle data warehouse to snowflake reducing query time by using dbt for transformations etl pipeline for e commerce built scalable etl pipelines using apache spark and airflow to process gb daily transactional data into redshift certifications google professional data engineer languages tamil hindi,0.39043574937022896,39.04,Data Engineer,2
Aahana Hora,Data Engineering,high,4,B.Sc Statistics,"MongoDB, Cassandra, Scala, Snowflake, Delta Lake, Python, Hadoop, PostgreSQL, AWS Glue, Docker, Linux, PySpark",,"Name: Aahana Hora
Email: michaelborra@example.org | Phone: 7799799552 | Location: Hyderabad

EDUCATION
B.Sc Statistics — Chandigarh University (2021)

SKILLS
MongoDB, Cassandra, Scala, Snowflake, Delta Lake, Python, Hadoop, PostgreSQL, AWS Glue, Docker, Linux, PySpark

EXPERIENCE
Data Engineering Intern / Junior Data Engineer — Google India (4 years)
Worked on data engineering projects involving data handling, cross-functional collaboration, and delivery of production-ready solutions.

PROJECTS
• Data Warehouse Migration: Migrated legacy Oracle data warehouse to Snowflake, reducing query time by 60% using dbt for transformations.
• ETL Pipeline for E-Commerce: Built scalable ETL pipelines using Apache Spark and Airflow to process 10GB+ daily transactional data into Redshift.

LANGUAGES
English, Telugu, Marathi",name aahana hora email phone location hyderabad education b sc statistics chandigarh university skills mongodb cassandra scala snowflake delta lake python hadoop postgresql aws glue docker linux pyspark experience data engineering intern junior data engineer google india years worked on data engineering projects involving data handling cross functional collaboration and delivery of production ready solutions projects data warehouse migration migrated legacy oracle data warehouse to snowflake reducing query time by using dbt for transformations etl pipeline for e commerce built scalable etl pipelines using apache spark and airflow to process gb daily transactional data into redshift languages english telugu marathi,0.36752080505122603,36.75,Data Engineer,3
Meghana Thakkar,Data Engineering,medium,2,M.Sc Data Science,"Tableau, ETL Pipelines, PostgreSQL, Docker, Delta Lake, Data Modeling, Cassandra, AWS Glue, Matplotlib, TensorFlow","Databricks Certified Data Engineer, Snowflake SnowPro Core","Name: Meghana Thakkar
Email: warinder61@example.com | Phone: +910515220472 | Location: Chennai

EDUCATION
M.Sc Data Science — NIT Trichy (2020)

SKILLS
Tableau, ETL Pipelines, PostgreSQL, Docker, Delta Lake, Data Modeling, Cassandra, AWS Glue, Matplotlib, TensorFlow

EXPERIENCE
Data Engineering Intern / Junior Data Engineer — Wipro (2 years)
Worked on data engineering projects involving data handling, cross-functional collaboration, and delivery of production-ready solutions.

PROJECTS
• Log Analytics Platform: Designed ELK Stack-based log analytics system to monitor and alert on application errors across microservices.
• ETL Pipeline for E-Commerce: Built scalable ETL pipelines using Apache Spark and Airflow to process 10GB+ daily transactional data into Redshift.
• Data Warehouse Migration: Migrated legacy Oracle data warehouse to Snowflake, reducing query time by 60% using dbt for transformations.

CERTIFICATIONS
• Databricks Certified Data Engineer
• Snowflake SnowPro Core

LANGUAGES
Punjabi, Hindi",name meghana thakkar email phone location chennai education m sc data science nit trichy skills tableau etl pipelines postgresql docker delta lake data modeling cassandra aws glue matplotlib tensorflow experience data engineering intern junior data engineer wipro years worked on data engineering projects involving data handling cross functional collaboration and delivery of production ready solutions projects log analytics platform designed elk stack based log analytics system to monitor and alert on application errors across microservices etl pipeline for e commerce built scalable etl pipelines using apache spark and airflow to process gb daily transactional data into redshift data warehouse migration migrated legacy oracle data warehouse to snowflake reducing query time by using dbt for transformations certifications databricks certified data engineer snowflake snowpro core languages punjabi hindi,0.36421394822431996,36.42,Data Engineer,4
Saumya Ahluwalia,Data Engineering,medium,1,B.Tech CSE,"MySQL, SQL, Kafka, PySpark, PostgreSQL, Tableau, Apache Spark, Linux, Python, Helm",,"Name: Saumya Ahluwalia
Email: bahlaahana@example.org | Phone: +918986143410 | Location: Bengaluru

EDUCATION
B.Tech CSE — NIT Trichy (2019)

SKILLS
MySQL, SQL, Kafka, PySpark, PostgreSQL, Tableau, Apache Spark, Linux, Python, Helm

EXPERIENCE
Data Engineering Intern / Junior Data Engineer — Razorpay (1 year)
Worked on data engineering projects involving data handling, cross-functional collaboration, and delivery of production-ready solutions.

PROJECTS
• ETL Pipeline for E-Commerce: Built scalable ETL pipelines using Apache Spark and Airflow to process 10GB+ daily transactional data into Redshift.
• Log Analytics Platform: Designed ELK Stack-based log analytics system to monitor and alert on application errors across microservices.
• Real-Time Streaming Pipeline: Developed a real-time data streaming solution using Kafka and PySpark for processing social media feeds.

LANGUAGES
Marathi, Punjabi",name saumya ahluwalia email phone location bengaluru education b tech cse nit trichy skills mysql sql kafka pyspark postgresql tableau apache spark linux python helm experience data engineering intern junior data engineer razorpay year worked on data engineering projects involving data handling cross functional collaboration and delivery of production ready solutions projects etl pipeline for e commerce built scalable etl pipelines using apache spark and airflow to process gb daily transactional data into redshift log analytics platform designed elk stack based log analytics system to monitor and alert on application errors across microservices real time streaming pipeline developed a real time data streaming solution using kafka and pyspark for processing social media feeds languages marathi punjabi,0.3547616395657382,35.48,Data Engineer,5
Harshil Varty,Data Engineering,medium,3,M.Sc Data Science,"Data Modeling, Python, BigQuery, MongoDB, ETL Pipelines, Snowflake, Apache Spark, Kafka, LiveData, Jenkins",Databricks Certified Data Engineer,"Name: Harshil Varty
Email: manefiyaz@example.org | Phone: 07826137506 | Location: Hyderabad

EDUCATION
M.Sc Data Science — KIIT University (2023)

SKILLS
Data Modeling, Python, BigQuery, MongoDB, ETL Pipelines, Snowflake, Apache Spark, Kafka, LiveData, Jenkins

EXPERIENCE
Data Engineering Intern / Junior Data Engineer — Zoho (3 years)
Worked on data engineering projects involving data handling, cross-functional collaboration, and delivery of production-ready solutions.

PROJECTS
• Log Analytics Platform: Designed ELK Stack-based log analytics system to monitor and alert on application errors across microservices.

CERTIFICATIONS
• Databricks Certified Data Engineer

LANGUAGES
Bengali, Telugu, Hindi",name harshil varty email phone location hyderabad education m sc data science kiit university skills data modeling python bigquery mongodb etl pipelines snowflake apache spark kafka livedata jenkins experience data engineering intern junior data engineer zoho years worked on data engineering projects involving data handling cross functional collaboration and delivery of production ready solutions projects log analytics platform designed elk stack based log analytics system to monitor and alert on application errors across microservices certifications databricks certified data engineer languages bengali telugu hindi,0.3464949996171613,34.65,Data Engineer,6
Oni Shankar,Data Engineering,medium,2,M.Tech CSE,"Airflow, Kafka, MongoDB, Linux, PostgreSQL, MySQL, Scala, Delta Lake, REST API, Conflict Resolution",,"Name: Oni Shankar
Email: choudhryxalak@example.net | Phone: 0893246095 | Location: Mumbai

EDUCATION
M.Tech CSE — BITS Pilani (2024)

SKILLS
Airflow, Kafka, MongoDB, Linux, PostgreSQL, MySQL, Scala, Delta Lake, REST API, Conflict Resolution

EXPERIENCE
Data Engineering Intern / Junior Data Engineer — Google India (2 years)
Worked on data engineering projects involving data handling, cross-functional collaboration, and delivery of production-ready solutions.

PROJECTS
• Real-Time Streaming Pipeline: Developed a real-time data streaming solution using Kafka and PySpark for processing social media feeds.
• ETL Pipeline for E-Commerce: Built scalable ETL pipelines using Apache Spark and Airflow to process 10GB+ daily transactional data into Redshift.
• Data Warehouse Migration: Migrated legacy Oracle data warehouse to Snowflake, reducing query time by 60% using dbt for transformations.

LANGUAGES
Marathi, Telugu",name oni shankar email phone location mumbai education m tech cse bits pilani skills airflow kafka mongodb linux postgresql mysql scala delta lake rest api conflict resolution experience data engineering intern junior data engineer google india years worked on data engineering projects involving data handling cross functional collaboration and delivery of production ready solutions projects real time streaming pipeline developed a real time data streaming solution using kafka and pyspark for processing social media feeds etl pipeline for e commerce built scalable etl pipelines using apache spark and airflow to process gb daily transactional data into redshift data warehouse migration migrated legacy oracle data warehouse to snowflake reducing query time by using dbt for transformations languages marathi telugu,0.33325554070370944,33.33,Data Engineer,7
Mitesh Gaba,Data Engineering,medium,1,M.Sc Data Science,"Scala, Airflow, Linux, Snowflake, SQL, Python, Data Warehousing, Kafka, Employee Relations, Exit Management","Snowflake SnowPro Core, Google Professional Data Engineer","Name: Mitesh Gaba
Email: noahsarma@example.org | Phone: 05379473834 | Location: Mumbai

EDUCATION
M.Sc Data Science — VIT Vellore (2021)

SKILLS
Scala, Airflow, Linux, Snowflake, SQL, Python, Data Warehousing, Kafka, Employee Relations, Exit Management

EXPERIENCE
Data Engineering Intern / Junior Data Engineer — Tech Mahindra (1 year)
Worked on data engineering projects involving data handling, cross-functional collaboration, and delivery of production-ready solutions.

PROJECTS
• Log Analytics Platform: Designed ELK Stack-based log analytics system to monitor and alert on application errors across microservices.
• Data Warehouse Migration: Migrated legacy Oracle data warehouse to Snowflake, reducing query time by 60% using dbt for transformations.
• Real-Time Streaming Pipeline: Developed a real-time data streaming solution using Kafka and PySpark for processing social media feeds.

CERTIFICATIONS
• Snowflake SnowPro Core
• Google Professional Data Engineer

LANGUAGES
Hindi, Punjabi",name mitesh gaba email phone location mumbai education m sc data science vit vellore skills scala airflow linux snowflake sql python data warehousing kafka employee relations exit management experience data engineering intern junior data engineer tech mahindra year worked on data engineering projects involving data handling cross functional collaboration and delivery of production ready solutions projects log analytics platform designed elk stack based log analytics system to monitor and alert on application errors across microservices data warehouse migration migrated legacy oracle data warehouse to snowflake reducing query time by using dbt for transformations real time streaming pipeline developed a real time data streaming solution using kafka and pyspark for processing social media feeds certifications snowflake snowpro core google professional data engineer languages hindi punjabi,0.32750095066890295,32.75,Data Engineer,8
Harshil Oza,Data Engineering,high,2,B.Sc Statistics,"Airflow, PySpark, MongoDB, Tableau, Data Warehousing, Kafka, Redshift, SQL, AWS Glue, Linux, Python, ETL Pipelines","Google Professional Data Engineer, Snowflake SnowPro Core","Name: Harshil Oza
Email: thamanorinder@example.org | Phone: +917788925546 | Location: Hyderabad

EDUCATION
B.Sc Statistics — Bennett University (2019)

SKILLS
Airflow, PySpark, MongoDB, Tableau, Data Warehousing, Kafka, Redshift, SQL, AWS Glue, Linux, Python, ETL Pipelines

EXPERIENCE
Data Engineering Intern / Junior Data Engineer — Flipkart (2 years)
Worked on data engineering projects involving data handling, cross-functional collaboration, and delivery of production-ready solutions.

PROJECTS
• Data Warehouse Migration: Migrated legacy Oracle data warehouse to Snowflake, reducing query time by 60% using dbt for transformations.
• Log Analytics Platform: Designed ELK Stack-based log analytics system to monitor and alert on application errors across microservices.
• Real-Time Streaming Pipeline: Developed a real-time data streaming solution using Kafka and PySpark for processing social media feeds.

CERTIFICATIONS
• Google Professional Data Engineer
• Snowflake SnowPro Core

LANGUAGES
English, Bengali, Hindi",name harshil oza email phone location hyderabad education b sc statistics bennett university skills airflow pyspark mongodb tableau data warehousing kafka redshift sql aws glue linux python etl pipelines experience data engineering intern junior data engineer flipkart years worked on data engineering projects involving data handling cross functional collaboration and delivery of production ready solutions projects data warehouse migration migrated legacy oracle data warehouse to snowflake reducing query time by using dbt for transformations log analytics platform designed elk stack based log analytics system to monitor and alert on application errors across microservices real time streaming pipeline developed a real time data streaming solution using kafka and pyspark for processing social media feeds certifications google professional data engineer snowflake snowpro core languages english bengali hindi,0.32475769271176136,32.48,Data Engineer,9
Faraj Chana,Data Engineering,high,3,MCA,"Kafka, dbt, Tableau, Docker, Airflow, Data Warehousing, Snowflake, MongoDB, Linux, PySpark, MySQL, AWS Glue",Databricks Certified Data Engineer,"Name: Faraj Chana
Email: lshere@example.net | Phone: 0793597820 | Location: New Delhi

EDUCATION
MCA — Lovely Professional University (2018)

SKILLS
Kafka, dbt, Tableau, Docker, Airflow, Data Warehousing, Snowflake, MongoDB, Linux, PySpark, MySQL, AWS Glue

EXPERIENCE
Data Engineering Intern / Junior Data Engineer — Google India (3 years)
Worked on data engineering projects involving data handling, cross-functional collaboration, and delivery of production-ready solutions.

PROJECTS
• Log Analytics Platform: Designed ELK Stack-based log analytics system to monitor and alert on application errors across microservices.
• Real-Time Streaming Pipeline: Developed a real-time data streaming solution using Kafka and PySpark for processing social media feeds.
• ETL Pipeline for E-Commerce: Built scalable ETL pipelines using Apache Spark and Airflow to process 10GB+ daily transactional data into Redshift.

CERTIFICATIONS
• Databricks Certified Data Engineer

LANGUAGES
Telugu, Marathi, Bengali",name faraj chana email phone location new delhi education mca lovely professional university skills kafka dbt tableau docker airflow data warehousing snowflake mongodb linux pyspark mysql aws glue experience data engineering intern junior data engineer google india years worked on data engineering projects involving data handling cross functional collaboration and delivery of production ready solutions projects log analytics platform designed elk stack based log analytics system to monitor and alert on application errors across microservices real time streaming pipeline developed a real time data streaming solution using kafka and pyspark for processing social media feeds etl pipeline for e commerce built scalable etl pipelines using apache spark and airflow to process gb daily transactional data into redshift certifications databricks certified data engineer languages telugu marathi bengali,0.322852402153404,32.29,Data Engineer,10
Ekansh Singh,Data Engineering,high,5,B.Sc Statistics,"Delta Lake, BigQuery, Tableau, Cassandra, Hadoop, Kafka, MongoDB, Data Warehousing, Scala, PySpark, Redshift, ETL Pipelines","Snowflake SnowPro Core, AWS Data Analytics Specialty","Name: Ekansh Singh
Email: ymitter@example.com | Phone: 0581477005 | Location: Mumbai

EDUCATION
B.Sc Statistics — Chandigarh University (2019)

SKILLS
Delta Lake, BigQuery, Tableau, Cassandra, Hadoop, Kafka, MongoDB, Data Warehousing, Scala, PySpark, Redshift, ETL Pipelines

EXPERIENCE
Data Engineering Intern / Junior Data Engineer — Capgemini (5 years)
Worked on data engineering projects involving data handling, cross-functional collaboration, and delivery of production-ready solutions.

PROJECTS
• Data Warehouse Migration: Migrated legacy Oracle data warehouse to Snowflake, reducing query time by 60% using dbt for transformations.
• Real-Time Streaming Pipeline: Developed a real-time data streaming solution using Kafka and PySpark for processing social media feeds.
• Log Analytics Platform: Designed ELK Stack-based log analytics system to monitor and alert on application errors across microservices.

CERTIFICATIONS
• Snowflake SnowPro Core
• AWS Data Analytics Specialty

LANGUAGES
English, Gujarati",name ekansh singh email phone location mumbai education b sc statistics chandigarh university skills delta lake bigquery tableau cassandra hadoop kafka mongodb data warehousing scala pyspark redshift etl pipelines experience data engineering intern junior data engineer capgemini years worked on data engineering projects involving data handling cross functional collaboration and delivery of production ready solutions projects data warehouse migration migrated legacy oracle data warehouse to snowflake reducing query time by using dbt for transformations real time streaming pipeline developed a real time data streaming solution using kafka and pyspark for processing social media feeds log analytics platform designed elk stack based log analytics system to monitor and alert on application errors across microservices certifications snowflake snowpro core aws data analytics specialty languages english gujarati,0.2946070041135251,29.46,Data Engineer,11
Omaja Grover,Data Engineering,low,2,B.Sc Statistics,"Linux, Delta Lake, PostgreSQL, HRIS, Workforce Planning, LiveData, XML, Labor Law",,"Name: Omaja Grover
Email: viswanathanjalsa@example.org | Phone: 8888067065 | Location: Noida

EDUCATION
B.Sc Statistics — Netaji Subhas University of Technology (2023)

SKILLS
Linux, Delta Lake, PostgreSQL, HRIS, Workforce Planning, LiveData, XML, Labor Law

EXPERIENCE
Data Engineering Intern / Junior Data Engineer — Zoho (2 years)
Worked on data engineering projects involving data handling, cross-functional collaboration, and delivery of production-ready solutions.

PROJECTS
• ETL Pipeline for E-Commerce: Built scalable ETL pipelines using Apache Spark and Airflow to process 10GB+ daily transactional data into Redshift.
• Log Analytics Platform: Designed ELK Stack-based log analytics system to monitor and alert on application errors across microservices.
• Data Warehouse Migration: Migrated legacy Oracle data warehouse to Snowflake, reducing query time by 60% using dbt for transformations.

LANGUAGES
English, Marathi",name omaja grover email phone location noida education b sc statistics netaji subhas university of technology skills linux delta lake postgresql hris workforce planning livedata xml labor law experience data engineering intern junior data engineer zoho years worked on data engineering projects involving data handling cross functional collaboration and delivery of production ready solutions projects etl pipeline for e commerce built scalable etl pipelines using apache spark and airflow to process gb daily transactional data into redshift log analytics platform designed elk stack based log analytics system to monitor and alert on application errors across microservices data warehouse migration migrated legacy oracle data warehouse to snowflake reducing query time by using dbt for transformations languages english marathi,0.2697287918131823,26.97,Data Engineer,12
Rayaan Mangal,Data Engineering,low,1,B.Tech CSE,"Data Warehousing, Airflow, Tableau, Material Design, Coroutines, Figma, MVVM, MySQL",,"Name: Rayaan Mangal
Email: champak54@example.org | Phone: 06676527758 | Location: Pune

EDUCATION
B.Tech CSE — VIT Vellore (2021)

SKILLS
Data Warehousing, Airflow, Tableau, Material Design, Coroutines, Figma, MVVM, MySQL

EXPERIENCE
Data Engineering Intern / Junior Data Engineer — Flipkart (1 year)
Worked on data engineering projects involving data handling, cross-functional collaboration, and delivery of production-ready solutions.

PROJECTS
• Data Warehouse Migration: Migrated legacy Oracle data warehouse to Snowflake, reducing query time by 60% using dbt for transformations.

LANGUAGES
Marathi, Hindi",name rayaan mangal email phone location pune education b tech cse vit vellore skills data warehousing airflow tableau material design coroutines figma mvvm mysql experience data engineering intern junior data engineer flipkart year worked on data engineering projects involving data handling cross functional collaboration and delivery of production ready solutions projects data warehouse migration migrated legacy oracle data warehouse to snowflake reducing query time by using dbt for transformations languages marathi hindi,0.2621449670739703,26.21,Data Engineer,13
Rishi Pillai,Data Engineering,medium,1,B.Tech CSE,"dbt, Snowflake, Data Modeling, Cassandra, AWS Glue, Airflow, Scala, PySpark, Payroll, AWS",Google Professional Data Engineer,"Name: Rishi Pillai
Email: xshenoy@example.com | Phone: 08862392407 | Location: Hyderabad

EDUCATION
B.Tech CSE — Guru Gobind Singh Indraprastha University (2019)

SKILLS
dbt, Snowflake, Data Modeling, Cassandra, AWS Glue, Airflow, Scala, PySpark, Payroll, AWS

EXPERIENCE
Data Engineering Intern / Junior Data Engineer — Swiggy (1 year)
Worked on data engineering projects involving data handling, cross-functional collaboration, and delivery of production-ready solutions.

PROJECTS
• Data Warehouse Migration: Migrated legacy Oracle data warehouse to Snowflake, reducing query time by 60% using dbt for transformations.
• Real-Time Streaming Pipeline: Developed a real-time data streaming solution using Kafka and PySpark for processing social media feeds.

CERTIFICATIONS
• Google Professional Data Engineer

LANGUAGES
Telugu, Tamil",name rishi pillai email phone location hyderabad education b tech cse guru gobind singh indraprastha university skills dbt snowflake data modeling cassandra aws glue airflow scala pyspark payroll aws experience data engineering intern junior data engineer swiggy year worked on data engineering projects involving data handling cross functional collaboration and delivery of production ready solutions projects data warehouse migration migrated legacy oracle data warehouse to snowflake reducing query time by using dbt for transformations real time streaming pipeline developed a real time data streaming solution using kafka and pyspark for processing social media feeds certifications google professional data engineer languages telugu tamil,0.25936438172040305,25.94,Data Engineer,14
Fitan Samra,Data Engineering,low,1,M.Tech CSE,"Apache Spark, Delta Lake, Redshift, NLTK, GitLab, Shell Scripting, Machine Learning, TensorFlow",,"Name: Fitan Samra
Email: sanipranit@example.net | Phone: 05115447962 | Location: Chennai

EDUCATION
M.Tech CSE — Chandigarh University (2024)

SKILLS
Apache Spark, Delta Lake, Redshift, NLTK, GitLab, Shell Scripting, Machine Learning, TensorFlow

EXPERIENCE
Data Engineering Intern / Junior Data Engineer — Razorpay (1 year)
Worked on data engineering projects involving data handling, cross-functional collaboration, and delivery of production-ready solutions.

PROJECTS
• ETL Pipeline for E-Commerce: Built scalable ETL pipelines using Apache Spark and Airflow to process 10GB+ daily transactional data into Redshift.
• Log Analytics Platform: Designed ELK Stack-based log analytics system to monitor and alert on application errors across microservices.

LANGUAGES
Gujarati, Hindi",name fitan samra email phone location chennai education m tech cse chandigarh university skills apache spark delta lake redshift nltk gitlab shell scripting machine learning tensorflow experience data engineering intern junior data engineer razorpay year worked on data engineering projects involving data handling cross functional collaboration and delivery of production ready solutions projects etl pipeline for e commerce built scalable etl pipelines using apache spark and airflow to process gb daily transactional data into redshift log analytics platform designed elk stack based log analytics system to monitor and alert on application errors across microservices languages gujarati hindi,0.256402730973842,25.64,Data Engineer,15
Amol Parikh,Data Engineering,low,2,M.Sc Data Science,"SQL, MySQL, Cassandra, Bootstrap, Machine Learning, spaCy, JavaScript, Feature Engineering",,"Name: Amol Parikh
Email: paiwridesh@example.net | Phone: 1952058527 | Location: Pune

EDUCATION
M.Sc Data Science — Netaji Subhas University of Technology (2024)

SKILLS
SQL, MySQL, Cassandra, Bootstrap, Machine Learning, spaCy, JavaScript, Feature Engineering

EXPERIENCE
Data Engineering Intern / Junior Data Engineer — Zoho (2 years)
Worked on data engineering projects involving data handling, cross-functional collaboration, and delivery of production-ready solutions.

PROJECTS
• Data Warehouse Migration: Migrated legacy Oracle data warehouse to Snowflake, reducing query time by 60% using dbt for transformations.

LANGUAGES
Punjabi, Telugu",name amol parikh email phone location pune education m sc data science netaji subhas university of technology skills sql mysql cassandra bootstrap machine learning spacy javascript feature engineering experience data engineering intern junior data engineer zoho years worked on data engineering projects involving data handling cross functional collaboration and delivery of production ready solutions projects data warehouse migration migrated legacy oracle data warehouse to snowflake reducing query time by using dbt for transformations languages punjabi telugu,0.24352111944258079,24.35,Data Engineer,16
Qabil Deshmukh,Data Engineering,low,1,M.Tech CSE,"Kafka, Cassandra, Delta Lake, Redis, Tailwind CSS, React, ViewModel, Git",,"Name: Qabil Deshmukh
Email: shankarbalhaar@example.com | Phone: +910305486874 | Location: Noida

EDUCATION
M.Tech CSE — BITS Pilani (2023)

SKILLS
Kafka, Cassandra, Delta Lake, Redis, Tailwind CSS, React, ViewModel, Git

EXPERIENCE
Data Engineering Intern / Junior Data Engineer — Flipkart (1 year)
Worked on data engineering projects involving data handling, cross-functional collaboration, and delivery of production-ready solutions.

PROJECTS
• Data Warehouse Migration: Migrated legacy Oracle data warehouse to Snowflake, reducing query time by 60% using dbt for transformations.
• Log Analytics Platform: Designed ELK Stack-based log analytics system to monitor and alert on application errors across microservices.
• Real-Time Streaming Pipeline: Developed a real-time data streaming solution using Kafka and PySpark for processing social media feeds.

LANGUAGES
English, Punjabi, Bengali",name qabil deshmukh email phone location noida education m tech cse bits pilani skills kafka cassandra delta lake redis tailwind css react viewmodel git experience data engineering intern junior data engineer flipkart year worked on data engineering projects involving data handling cross functional collaboration and delivery of production ready solutions projects data warehouse migration migrated legacy oracle data warehouse to snowflake reducing query time by using dbt for transformations log analytics platform designed elk stack based log analytics system to monitor and alert on application errors across microservices real time streaming pipeline developed a real time data streaming solution using kafka and pyspark for processing social media feeds languages english punjabi bengali,0.21104410343566918,21.1,Data Engineer,17
Indali Sekhon,Data Engineering,low,0,MCA,"Linux, Scala, Redshift, MongoDB, Workforce Planning, AWS, CSS, People Analytics",,"Name: Indali Sekhon
Email: panditradhika@example.com | Phone: 0165820297 | Location: Gurugram

EDUCATION
MCA — SRM Institute of Science and Technology (2022)

SKILLS
Linux, Scala, Redshift, MongoDB, Workforce Planning, AWS, CSS, People Analytics

PROJECTS
• ETL Pipeline for E-Commerce: Built scalable ETL pipelines using Apache Spark and Airflow to process 10GB+ daily transactional data into Redshift.
• Data Warehouse Migration: Migrated legacy Oracle data warehouse to Snowflake, reducing query time by 60% using dbt for transformations.

LANGUAGES
Telugu, Punjabi, Marathi",name indali sekhon email phone location gurugram education mca srm institute of science and technology skills linux scala redshift mongodb workforce planning aws css people analytics projects etl pipeline for e commerce built scalable etl pipelines using apache spark and airflow to process gb daily transactional data into redshift data warehouse migration migrated legacy oracle data warehouse to snowflake reducing query time by using dbt for transformations languages telugu punjabi marathi,0.20025375014022118,20.03,Data Engineer,18
Harita Sunder,Data Engineering,medium,1,B.Sc Statistics,"dbt, Docker, Scala, Hadoop, Cassandra, Airflow, Python, AWS Glue, Compensation & Benefits, Jetpack Compose",,"Name: Harita Sunder
Email: upkaardevan@example.org | Phone: +914188805929 | Location: New Delhi

EDUCATION
B.Sc Statistics — Amity University Noida (2020)

SKILLS
dbt, Docker, Scala, Hadoop, Cassandra, Airflow, Python, AWS Glue, Compensation & Benefits, Jetpack Compose

EXPERIENCE
Data Engineering Intern / Junior Data Engineer — Ola (1 year)
Worked on data engineering projects involving data handling, cross-functional collaboration, and delivery of production-ready solutions.

PROJECTS
• Log Analytics Platform: Designed ELK Stack-based log analytics system to monitor and alert on application errors across microservices.

LANGUAGES
Tamil, Telugu",name harita sunder email phone location new delhi education b sc statistics amity university noida skills dbt docker scala hadoop cassandra airflow python aws glue compensation benefits jetpack compose experience data engineering intern junior data engineer ola year worked on data engineering projects involving data handling cross functional collaboration and delivery of production ready solutions projects log analytics platform designed elk stack based log analytics system to monitor and alert on application errors across microservices languages tamil telugu,0.18169899759088182,18.17,Data Engineer,19
Jonathan Bhavsar,Data Engineering,low,0,M.Sc Data Science,"ETL Pipelines, dbt, Scala, Bootstrap, Matplotlib, R, Computer Vision, TypeScript",,"Name: Jonathan Bhavsar
Email: jeevikapathak@example.com | Phone: 0927557192 | Location: Chennai

EDUCATION
M.Sc Data Science — Manipal Institute of Technology (2023)

SKILLS
ETL Pipelines, dbt, Scala, Bootstrap, Matplotlib, R, Computer Vision, TypeScript

PROJECTS
• Log Analytics Platform: Designed ELK Stack-based log analytics system to monitor and alert on application errors across microservices.

LANGUAGES
Telugu, Hindi, Marathi",name jonathan bhavsar email phone location chennai education m sc data science manipal institute of technology skills etl pipelines dbt scala bootstrap matplotlib r computer vision typescript projects log analytics platform designed elk stack based log analytics system to monitor and alert on application errors across microservices languages telugu hindi marathi,0.08972341879725558,8.97,Data Engineer,20
Mitali Murthy,HR,high,3,MBA HR,"MS Excel, Compensation & Benefits, Workforce Planning, Exit Management, Policy Drafting, Performance Management, Communication, Payroll, HRMS, People Analytics, HRIS, Talent Acquisition",,"Name: Mitali Murthy
Email: zaid10@example.net | Phone: +917868144739 | Location: New Delhi

EDUCATION
MBA HR — KIIT University (2022)

SKILLS
MS Excel, Compensation & Benefits, Workforce Planning, Exit Management, Policy Drafting, Performance Management, Communication, Payroll, HRMS, People Analytics, HRIS, Talent Acquisition

EXPERIENCE
HR Executive / HR Intern — Ola (3 years)
Worked on hr projects involving data handling, cross-functional collaboration, and delivery of production-ready solutions.

PROJECTS
• Onboarding Revamp: Redesigned onboarding process reducing new hire ramp-up time from 30 days to 18 days through structured buddy programs.

LANGUAGES
Hindi, Marathi",name mitali murthy email phone location new delhi education mba hr kiit university skills ms excel compensation benefits workforce planning exit management policy drafting performance management communication payroll hrms people analytics hris talent acquisition experience hr executive hr intern ola years worked on hr projects involving data handling cross functional collaboration and delivery of production ready solutions projects onboarding revamp redesigned onboarding process reducing new hire ramp up time from days to days through structured buddy programs languages hindi marathi,0.4377434016663041,43.77,HR Executive,1
Dominic More,HR,high,5,MBA HR,"Recruitment, Payroll, Performance Management, Workforce Planning, Talent Acquisition, Training & Development, MS Excel, Compliance, Exit Management, HRMS, HRIS, Onboarding","Coursera HR Management, PHR Certification","Name: Dominic More
Email: hsrinivas@example.com | Phone: 09125177852 | Location: Pune

EDUCATION
MBA HR — Netaji Subhas University of Technology (2024)

SKILLS
Recruitment, Payroll, Performance Management, Workforce Planning, Talent Acquisition, Training & Development, MS Excel, Compliance, Exit Management, HRMS, HRIS, Onboarding

EXPERIENCE
HR Executive / HR Intern — Naukri.com (5 years)
Worked on hr projects involving data handling, cross-functional collaboration, and delivery of production-ready solutions.

PROJECTS
• Campus Recruitment Drive: Managed end-to-end campus recruitment for 200+ engineering colleges, resulting in 150 successful hires in 3 months.
• Onboarding Revamp: Redesigned onboarding process reducing new hire ramp-up time from 30 days to 18 days through structured buddy programs.
• Employee Engagement Program: Designed and implemented quarterly employee engagement surveys and action plans, improving retention by 12%.

CERTIFICATIONS
• Coursera HR Management
• PHR Certification

LANGUAGES
Hindi, Bengali",name dominic more email phone location pune education mba hr netaji subhas university of technology skills recruitment payroll performance management workforce planning talent acquisition training development ms excel compliance exit management hrms hris onboarding experience hr executive hr intern naukri com years worked on hr projects involving data handling cross functional collaboration and delivery of production ready solutions projects campus recruitment drive managed end to end campus recruitment for engineering colleges resulting in successful hires in months onboarding revamp redesigned onboarding process reducing new hire ramp up time from days to days through structured buddy programs employee engagement program designed and implemented quarterly employee engagement surveys and action plans improving retention by certifications coursera hr management phr certification languages hindi bengali,0.4147948624804597,41.48,HR Executive,2
Bhavika Yadav,HR,medium,1,BA Psychology,"Employee Relations, Talent Acquisition, Conflict Resolution, Performance Management, Policy Drafting, HRIS, MS Excel, People Analytics, Data Warehousing, Android SDK","SHRM-CP, Coursera HR Management","Name: Bhavika Yadav
Email: chokshiraagini@example.org | Phone: 05650609835 | Location: New Delhi

EDUCATION
BA Psychology — NIT Trichy (2024)

SKILLS
Employee Relations, Talent Acquisition, Conflict Resolution, Performance Management, Policy Drafting, HRIS, MS Excel, People Analytics, Data Warehousing, Android SDK

EXPERIENCE
HR Executive / HR Intern — PhonePe (1 year)
Worked on hr projects involving data handling, cross-functional collaboration, and delivery of production-ready solutions.

PROJECTS
• Onboarding Revamp: Redesigned onboarding process reducing new hire ramp-up time from 30 days to 18 days through structured buddy programs.
• Employee Engagement Program: Designed and implemented quarterly employee engagement surveys and action plans, improving retention by 12%.
• HRMS Implementation: Led the implementation of Darwinbox HRMS across 5 departments, reducing manual HR processes by 40%.

CERTIFICATIONS
• SHRM-CP
• Coursera HR Management

LANGUAGES
Bengali, Hindi",name bhavika yadav email phone location new delhi education ba psychology nit trichy skills employee relations talent acquisition conflict resolution performance management policy drafting hris ms excel people analytics data warehousing android sdk experience hr executive hr intern phonepe year worked on hr projects involving data handling cross functional collaboration and delivery of production ready solutions projects onboarding revamp redesigned onboarding process reducing new hire ramp up time from days to days through structured buddy programs employee engagement program designed and implemented quarterly employee engagement surveys and action plans improving retention by hrms implementation led the implementation of darwinbox hrms across departments reducing manual hr processes by certifications shrm cp coursera hr management languages bengali hindi,0.3846325246004045,38.46,HR Executive,3
Kai Sant,HR,high,2,B.Com,"Employee Relations, Conflict Resolution, Performance Management, Labor Law, Exit Management, Workforce Planning, HRMS, Talent Acquisition, MS Excel, HRIS, Compensation & Benefits, People Analytics","SHRM-CP, LinkedIn HR Fundamentals","Name: Kai Sant
Email: dashzarna@example.org | Phone: 02253584143 | Location: Hyderabad

EDUCATION
B.Com — Guru Gobind Singh Indraprastha University (2024)

SKILLS
Employee Relations, Conflict Resolution, Performance Management, Labor Law, Exit Management, Workforce Planning, HRMS, Talent Acquisition, MS Excel, HRIS, Compensation & Benefits, People Analytics

EXPERIENCE
HR Executive / HR Intern — Naukri.com (2 years)
Worked on hr projects involving data handling, cross-functional collaboration, and delivery of production-ready solutions.

PROJECTS
• HRMS Implementation: Led the implementation of Darwinbox HRMS across 5 departments, reducing manual HR processes by 40%.

CERTIFICATIONS
• SHRM-CP
• LinkedIn HR Fundamentals

LANGUAGES
English, Gujarati, Tamil",name kai sant email phone location hyderabad education b com guru gobind singh indraprastha university skills employee relations conflict resolution performance management labor law exit management workforce planning hrms talent acquisition ms excel hris compensation benefits people analytics experience hr executive hr intern naukri com years worked on hr projects involving data handling cross functional collaboration and delivery of production ready solutions projects hrms implementation led the implementation of darwinbox hrms across departments reducing manual hr processes by certifications shrm cp linkedin hr fundamentals languages english gujarati tamil,0.3596483235923915,35.96,HR Executive,4
Vritti Iyengar,HR,high,3,BBA,"Performance Management, Employee Relations, Recruitment, Training & Development, Compensation & Benefits, Policy Drafting, Payroll, Exit Management, Compliance, People Analytics, HRIS, Workforce Planning",SHRM-CP,"Name: Vritti Iyengar
Email: deshmukhethan@example.com | Phone: +917155188442 | Location: Pune

EDUCATION
BBA — Delhi Technological University (2022)

SKILLS
Performance Management, Employee Relations, Recruitment, Training & Development, Compensation & Benefits, Policy Drafting, Payroll, Exit Management, Compliance, People Analytics, HRIS, Workforce Planning

EXPERIENCE
HR Executive / HR Intern — PhonePe (3 years)
Worked on hr projects involving data handling, cross-functional collaboration, and delivery of production-ready solutions.

PROJECTS
• Onboarding Revamp: Redesigned onboarding process reducing new hire ramp-up time from 30 days to 18 days through structured buddy programs.

CERTIFICATIONS
• SHRM-CP

LANGUAGES
Telugu, Gujarati",name vritti iyengar email phone location pune education bba delhi technological university skills performance management employee relations recruitment training development compensation benefits policy drafting payroll exit management compliance people analytics hris workforce planning experience hr executive hr intern phonepe years worked on hr projects involving data handling cross functional collaboration and delivery of production ready solutions projects onboarding revamp redesigned onboarding process reducing new hire ramp up time from days to days through structured buddy programs certifications shrm cp languages telugu gujarati,0.3491021682136795,34.91,HR Executive,5
Wishi Morar,HR,medium,3,BBA,"MS Excel, Conflict Resolution, Compensation & Benefits, Compliance, Payroll, Onboarding, Talent Acquisition, HRMS, Redis, Vue.js",,"Name: Wishi Morar
Email: fbajaj@example.com | Phone: 7339500479 | Location: Bengaluru

EDUCATION
BBA — NIT Trichy (2021)

SKILLS
MS Excel, Conflict Resolution, Compensation & Benefits, Compliance, Payroll, Onboarding, Talent Acquisition, HRMS, Redis, Vue.js

EXPERIENCE
HR Executive / HR Intern — Naukri.com (3 years)
Worked on hr projects involving data handling, cross-functional collaboration, and delivery of production-ready solutions.

PROJECTS
• Onboarding Revamp: Redesigned onboarding process reducing new hire ramp-up time from 30 days to 18 days through structured buddy programs.
• Campus Recruitment Drive: Managed end-to-end campus recruitment for 200+ engineering colleges, resulting in 150 successful hires in 3 months.

LANGUAGES
Telugu, Marathi, Bengali",name wishi morar email phone location bengaluru education bba nit trichy skills ms excel conflict resolution compensation benefits compliance payroll onboarding talent acquisition hrms redis vue js experience hr executive hr intern naukri com years worked on hr projects involving data handling cross functional collaboration and delivery of production ready solutions projects onboarding revamp redesigned onboarding process reducing new hire ramp up time from days to days through structured buddy programs campus recruitment drive managed end to end campus recruitment for engineering colleges resulting in successful hires in months languages telugu marathi bengali,0.2993784749860606,29.94,HR Executive,6
Janaki Trivedi,HR,high,3,BBA HR,"Exit Management, Employee Relations, Policy Drafting, Training & Development, Labor Law, Compensation & Benefits, Compliance, Payroll, MS Excel, Conflict Resolution, Onboarding, Communication","PHR Certification, Coursera HR Management","Name: Janaki Trivedi
Email: jairajiyer@example.org | Phone: +917058957829 | Location: Noida

EDUCATION
BBA HR — SRM Institute of Science and Technology (2022)

SKILLS
Exit Management, Employee Relations, Policy Drafting, Training & Development, Labor Law, Compensation & Benefits, Compliance, Payroll, MS Excel, Conflict Resolution, Onboarding, Communication

EXPERIENCE
HR Executive / HR Intern — Accenture (3 years)
Worked on hr projects involving data handling, cross-functional collaboration, and delivery of production-ready solutions.

PROJECTS
• Onboarding Revamp: Redesigned onboarding process reducing new hire ramp-up time from 30 days to 18 days through structured buddy programs.
• HRMS Implementation: Led the implementation of Darwinbox HRMS across 5 departments, reducing manual HR processes by 40%.

CERTIFICATIONS
• PHR Certification
• Coursera HR Management

LANGUAGES
English, Gujarati",name janaki trivedi email phone location noida education bba hr srm institute of science and technology skills exit management employee relations policy drafting training development labor law compensation benefits compliance payroll ms excel conflict resolution onboarding communication experience hr executive hr intern accenture years worked on hr projects involving data handling cross functional collaboration and delivery of production ready solutions projects onboarding revamp redesigned onboarding process reducing new hire ramp up time from days to days through structured buddy programs hrms implementation led the implementation of darwinbox hrms across departments reducing manual hr processes by certifications phr certification coursera hr management languages english gujarati,0.2979848457083317,29.8,HR Executive,7
Shivansh Saha,HR,medium,2,BBA HR,"Performance Management, Recruitment, Labor Law, HRIS, Payroll, Compliance, Policy Drafting, HRMS, Vue.js, Deep Learning",SHRM-CP,"Name: Shivansh Saha
Email: tankbimala@example.net | Phone: 07364710276 | Location: Bengaluru

EDUCATION
BBA HR — VIT Vellore (2022)

SKILLS
Performance Management, Recruitment, Labor Law, HRIS, Payroll, Compliance, Policy Drafting, HRMS, Vue.js, Deep Learning

EXPERIENCE
HR Executive / HR Intern — Paytm (2 years)
Worked on hr projects involving data handling, cross-functional collaboration, and delivery of production-ready solutions.

PROJECTS
• HRMS Implementation: Led the implementation of Darwinbox HRMS across 5 departments, reducing manual HR processes by 40%.
• Employee Engagement Program: Designed and implemented quarterly employee engagement surveys and action plans, improving retention by 12%.
• Campus Recruitment Drive: Managed end-to-end campus recruitment for 200+ engineering colleges, resulting in 150 successful hires in 3 months.

CERTIFICATIONS
• SHRM-CP

LANGUAGES
Hindi, Punjabi",name shivansh saha email phone location bengaluru education bba hr vit vellore skills performance management recruitment labor law hris payroll compliance policy drafting hrms vue js deep learning experience hr executive hr intern paytm years worked on hr projects involving data handling cross functional collaboration and delivery of production ready solutions projects hrms implementation led the implementation of darwinbox hrms across departments reducing manual hr processes by employee engagement program designed and implemented quarterly employee engagement surveys and action plans improving retention by campus recruitment drive managed end to end campus recruitment for engineering colleges resulting in successful hires in months certifications shrm cp languages hindi punjabi,0.28200289353540137,28.2,HR Executive,8
Ucchal Jani,HR,medium,2,MBA HR,"Performance Management, Compliance, Policy Drafting, Payroll, MS Excel, Labor Law, HRMS, Exit Management, GitLab, AWS Glue",Coursera HR Management,"Name: Ucchal Jani
Email: maanas55@example.net | Phone: 06258815371 | Location: Chennai

EDUCATION
MBA HR — Maharaja Surajmal Institute of Technology (2019)

SKILLS
Performance Management, Compliance, Policy Drafting, Payroll, MS Excel, Labor Law, HRMS, Exit Management, GitLab, AWS Glue

EXPERIENCE
HR Executive / HR Intern — Flipkart (2 years)
Worked on hr projects involving data handling, cross-functional collaboration, and delivery of production-ready solutions.

PROJECTS
• Employee Engagement Program: Designed and implemented quarterly employee engagement surveys and action plans, improving retention by 12%.
• HRMS Implementation: Led the implementation of Darwinbox HRMS across 5 departments, reducing manual HR processes by 40%.

CERTIFICATIONS
• Coursera HR Management

LANGUAGES
Gujarati, Marathi, English",name ucchal jani email phone location chennai education mba hr maharaja surajmal institute of technology skills performance management compliance policy drafting payroll ms excel labor law hrms exit management gitlab aws glue experience hr executive hr intern flipkart years worked on hr projects involving data handling cross functional collaboration and delivery of production ready solutions projects employee engagement program designed and implemented quarterly employee engagement surveys and action plans improving retention by hrms implementation led the implementation of darwinbox hrms across departments reducing manual hr processes by certifications coursera hr management languages gujarati marathi english,0.27573400846165447,27.57,HR Executive,9
Oscar Sharaf,HR,low,2,BBA HR,"Onboarding, Communication, Recruitment, Jetpack Compose, JavaScript, Flask, Next.js, Redis",,"Name: Oscar Sharaf
Email: irya49@example.com | Phone: +913484344375 | Location: Bengaluru

EDUCATION
BBA HR — Bennett University (2023)

SKILLS
Onboarding, Communication, Recruitment, Jetpack Compose, JavaScript, Flask, Next.js, Redis

EXPERIENCE
HR Executive / HR Intern — Swiggy (2 years)
Worked on hr projects involving data handling, cross-functional collaboration, and delivery of production-ready solutions.

PROJECTS
• Campus Recruitment Drive: Managed end-to-end campus recruitment for 200+ engineering colleges, resulting in 150 successful hires in 3 months.
• Onboarding Revamp: Redesigned onboarding process reducing new hire ramp-up time from 30 days to 18 days through structured buddy programs.
• Employee Engagement Program: Designed and implemented quarterly employee engagement surveys and action plans, improving retention by 12%.

LANGUAGES
Gujarati, Tamil, Hindi",name oscar sharaf email phone location bengaluru education bba hr bennett university skills onboarding communication recruitment jetpack compose javascript flask next js redis experience hr executive hr intern swiggy years worked on hr projects involving data handling cross functional collaboration and delivery of production ready solutions projects campus recruitment drive managed end to end campus recruitment for engineering colleges resulting in successful hires in months onboarding revamp redesigned onboarding process reducing new hire ramp up time from days to days through structured buddy programs employee engagement program designed and implemented quarterly employee engagement surveys and action plans improving retention by languages gujarati tamil hindi,0.27314419267267814,27.31,HR Executive,10
Xiti Baria,HR,medium,2,BBA,"HRMS, HRIS, Compliance, MS Excel, Onboarding, Training & Development, Recruitment, Workforce Planning, Power BI, Scala","PHR Certification, LinkedIn HR Fundamentals","Name: Xiti Baria
Email: baradlaksh@example.net | Phone: 07872982595 | Location: Noida

EDUCATION
BBA — BITS Pilani (2024)

SKILLS
HRMS, HRIS, Compliance, MS Excel, Onboarding, Training & Development, Recruitment, Workforce Planning, Power BI, Scala

EXPERIENCE
HR Executive / HR Intern — Cognizant (2 years)
Worked on hr projects involving data handling, cross-functional collaboration, and delivery of production-ready solutions.

PROJECTS
• Employee Engagement Program: Designed and implemented quarterly employee engagement surveys and action plans, improving retention by 12%.
• Onboarding Revamp: Redesigned onboarding process reducing new hire ramp-up time from 30 days to 18 days through structured buddy programs.

CERTIFICATIONS
• PHR Certification
• LinkedIn HR Fundamentals

LANGUAGES
Punjabi, Gujarati",name xiti baria email phone location noida education bba bits pilani skills hrms hris compliance ms excel onboarding training development recruitment workforce planning power bi scala experience hr executive hr intern cognizant years worked on hr projects involving data handling cross functional collaboration and delivery of production ready solutions projects employee engagement program designed and implemented quarterly employee engagement surveys and action plans improving retention by onboarding revamp redesigned onboarding process reducing new hire ramp up time from days to days through structured buddy programs certifications phr certification linkedin hr fundamentals languages punjabi gujarati,0.25099085762825274,25.1,HR Executive,11
Urmi Chaudhry,HR,low,1,MBA HR,"Compliance, Payroll, Communication, ETL Pipelines, GitLab, Redshift, Data Modeling, AWS",,"Name: Urmi Chaudhry
Email: abduldugar@example.com | Phone: 7734540193 | Location: Mumbai

EDUCATION
MBA HR — Chandigarh University (2024)

SKILLS
Compliance, Payroll, Communication, ETL Pipelines, GitLab, Redshift, Data Modeling, AWS

EXPERIENCE
HR Executive / HR Intern — Flipkart (1 year)
Worked on hr projects involving data handling, cross-functional collaboration, and delivery of production-ready solutions.

PROJECTS
• Employee Engagement Program: Designed and implemented quarterly employee engagement surveys and action plans, improving retention by 12%.
• Campus Recruitment Drive: Managed end-to-end campus recruitment for 200+ engineering colleges, resulting in 150 successful hires in 3 months.
• HRMS Implementation: Led the implementation of Darwinbox HRMS across 5 departments, reducing manual HR processes by 40%.

LANGUAGES
Telugu, Marathi",name urmi chaudhry email phone location mumbai education mba hr chandigarh university skills compliance payroll communication etl pipelines gitlab redshift data modeling aws experience hr executive hr intern flipkart year worked on hr projects involving data handling cross functional collaboration and delivery of production ready solutions projects employee engagement program designed and implemented quarterly employee engagement surveys and action plans improving retention by campus recruitment drive managed end to end campus recruitment for engineering colleges resulting in successful hires in months hrms implementation led the implementation of darwinbox hrms across departments reducing manual hr processes by languages telugu marathi,0.24495924677485045,24.5,HR Executive,12
Shivani Kota,HR,medium,3,BA Psychology,"Training & Development, HRIS, HRMS, Employee Relations, Workforce Planning, Recruitment, Labor Law, Compensation & Benefits, Cassandra, Firebase","PHR Certification, Coursera HR Management","Name: Shivani Kota
Email: gunbirbedi@example.com | Phone: 09632595327 | Location: Mumbai

EDUCATION
BA Psychology — Bennett University (2024)

SKILLS
Training & Development, HRIS, HRMS, Employee Relations, Workforce Planning, Recruitment, Labor Law, Compensation & Benefits, Cassandra, Firebase

EXPERIENCE
HR Executive / HR Intern — Ola (3 years)
Worked on hr projects involving data handling, cross-functional collaboration, and delivery of production-ready solutions.

PROJECTS
• HRMS Implementation: Led the implementation of Darwinbox HRMS across 5 departments, reducing manual HR processes by 40%.
• Employee Engagement Program: Designed and implemented quarterly employee engagement surveys and action plans, improving retention by 12%.

CERTIFICATIONS
• PHR Certification
• Coursera HR Management

LANGUAGES
Tamil, Gujarati, Punjabi",name shivani kota email phone location mumbai education ba psychology bennett university skills training development hris hrms employee relations workforce planning recruitment labor law compensation benefits cassandra firebase experience hr executive hr intern ola years worked on hr projects involving data handling cross functional collaboration and delivery of production ready solutions projects hrms implementation led the implementation of darwinbox hrms across departments reducing manual hr processes by employee engagement program designed and implemented quarterly employee engagement surveys and action plans improving retention by certifications phr certification coursera hr management languages tamil gujarati punjabi,0.23652384043520708,23.65,HR Executive,13
Urvi Lanka,HR,low,1,BA Psychology,"Workforce Planning, Exit Management, MS Excel, Google Maps API, Kotlin, Git, Redshift, Docker",,"Name: Urvi Lanka
Email: charansrinivasan@example.org | Phone: 9623091307 | Location: Bengaluru

EDUCATION
BA Psychology — Lovely Professional University (2021)

SKILLS
Workforce Planning, Exit Management, MS Excel, Google Maps API, Kotlin, Git, Redshift, Docker

EXPERIENCE
HR Executive / HR Intern — BYJU'S (1 year)
Worked on hr projects involving data handling, cross-functional collaboration, and delivery of production-ready solutions.

PROJECTS
• Employee Engagement Program: Designed and implemented quarterly employee engagement surveys and action plans, improving retention by 12%.
• Onboarding Revamp: Redesigned onboarding process reducing new hire ramp-up time from 30 days to 18 days through structured buddy programs.
• Campus Recruitment Drive: Managed end-to-end campus recruitment for 200+ engineering colleges, resulting in 150 successful hires in 3 months.

LANGUAGES
Telugu, Gujarati",name urvi lanka email phone location bengaluru education ba psychology lovely professional university skills workforce planning exit management ms excel google maps api kotlin git redshift docker experience hr executive hr intern byju s year worked on hr projects involving data handling cross functional collaboration and delivery of production ready solutions projects employee engagement program designed and implemented quarterly employee engagement surveys and action plans improving retention by onboarding revamp redesigned onboarding process reducing new hire ramp up time from days to days through structured buddy programs campus recruitment drive managed end to end campus recruitment for engineering colleges resulting in successful hires in months languages telugu gujarati,0.227873769545289,22.79,HR Executive,14
Jeremiah Mitter,HR,medium,2,BA Psychology,"Compensation & Benefits, HRIS, Workforce Planning, Policy Drafting, Payroll, Communication, Labor Law, Compliance, Express.js, Google Maps API",,"Name: Jeremiah Mitter
Email: thakkarom@example.net | Phone: 2299590010 | Location: Noida

EDUCATION
BA Psychology — Chandigarh University (2019)

SKILLS
Compensation & Benefits, HRIS, Workforce Planning, Policy Drafting, Payroll, Communication, Labor Law, Compliance, Express.js, Google Maps API

EXPERIENCE
HR Executive / HR Intern — Naukri.com (2 years)
Worked on hr projects involving data handling, cross-functional collaboration, and delivery of production-ready solutions.

PROJECTS
• Employee Engagement Program: Designed and implemented quarterly employee engagement surveys and action plans, improving retention by 12%.
• HRMS Implementation: Led the implementation of Darwinbox HRMS across 5 departments, reducing manual HR processes by 40%.
• Onboarding Revamp: Redesigned onboarding process reducing new hire ramp-up time from 30 days to 18 days through structured buddy programs.

LANGUAGES
Telugu, Hindi",name jeremiah mitter email phone location noida education ba psychology chandigarh university skills compensation benefits hris workforce planning policy drafting payroll communication labor law compliance express js google maps api experience hr executive hr intern naukri com years worked on hr projects involving data handling cross functional collaboration and delivery of production ready solutions projects employee engagement program designed and implemented quarterly employee engagement surveys and action plans improving retention by hrms implementation led the implementation of darwinbox hrms across departments reducing manual hr processes by onboarding revamp redesigned onboarding process reducing new hire ramp up time from days to days through structured buddy programs languages telugu hindi,0.21611710983726842,21.61,HR Executive,15
Maya Mistry,HR,low,2,B.Com,"Talent Acquisition, Conflict Resolution, Recruitment, Node.js, Flask, React, HTML, Python",,"Name: Maya Mistry
Email: yashica88@example.com | Phone: 9470551694 | Location: Mumbai

EDUCATION
B.Com — Netaji Subhas University of Technology (2019)

SKILLS
Talent Acquisition, Conflict Resolution, Recruitment, Node.js, Flask, React, HTML, Python

EXPERIENCE
HR Executive / HR Intern — IBM India (2 years)
Worked on hr projects involving data handling, cross-functional collaboration, and delivery of production-ready solutions.

PROJECTS
• HRMS Implementation: Led the implementation of Darwinbox HRMS across 5 departments, reducing manual HR processes by 40%.
• Campus Recruitment Drive: Managed end-to-end campus recruitment for 200+ engineering colleges, resulting in 150 successful hires in 3 months.

LANGUAGES
Hindi, Marathi",name maya mistry email phone location mumbai education b com netaji subhas university of technology skills talent acquisition conflict resolution recruitment node js flask react html python experience hr executive hr intern ibm india years worked on hr projects involving data handling cross functional collaboration and delivery of production ready solutions projects hrms implementation led the implementation of darwinbox hrms across departments reducing manual hr processes by campus recruitment drive managed end to end campus recruitment for engineering colleges resulting in successful hires in months languages hindi marathi,0.211479845070745,21.15,HR Executive,16
Ethan Raju,HR,medium,1,BBA HR,"Compensation & Benefits, Policy Drafting, Exit Management, Compliance, Workforce Planning, Payroll, Training & Development, Labor Law, Docker, SQL",,"Name: Ethan Raju
Email: nmammen@example.net | Phone: 1216558523 | Location: Pune

EDUCATION
BBA HR — Maharaja Surajmal Institute of Technology (2020)

SKILLS
Compensation & Benefits, Policy Drafting, Exit Management, Compliance, Workforce Planning, Payroll, Training & Development, Labor Law, Docker, SQL

EXPERIENCE
HR Executive / HR Intern — Flipkart (1 year)
Worked on hr projects involving data handling, cross-functional collaboration, and delivery of production-ready solutions.

PROJECTS
• Onboarding Revamp: Redesigned onboarding process reducing new hire ramp-up time from 30 days to 18 days through structured buddy programs.
• Campus Recruitment Drive: Managed end-to-end campus recruitment for 200+ engineering colleges, resulting in 150 successful hires in 3 months.

LANGUAGES
Punjabi, Gujarati",name ethan raju email phone location pune education bba hr maharaja surajmal institute of technology skills compensation benefits policy drafting exit management compliance workforce planning payroll training development labor law docker sql experience hr executive hr intern flipkart year worked on hr projects involving data handling cross functional collaboration and delivery of production ready solutions projects onboarding revamp redesigned onboarding process reducing new hire ramp up time from days to days through structured buddy programs campus recruitment drive managed end to end campus recruitment for engineering colleges resulting in successful hires in months languages punjabi gujarati,0.20357381522630322,20.36,HR Executive,17
Omya Doshi,HR,low,0,BBA HR,"Payroll, Communication, Employee Relations, Android SDK, Material Design, BigQuery, Jetpack Compose, Java",,"Name: Omya Doshi
Email: ajani@example.net | Phone: 7028385786 | Location: Pune

EDUCATION
BBA HR — Guru Gobind Singh Indraprastha University (2021)

SKILLS
Payroll, Communication, Employee Relations, Android SDK, Material Design, BigQuery, Jetpack Compose, Java

PROJECTS
• Employee Engagement Program: Designed and implemented quarterly employee engagement surveys and action plans, improving retention by 12%.

LANGUAGES
Punjabi, Tamil",name omya doshi email phone location pune education bba hr guru gobind singh indraprastha university skills payroll communication employee relations android sdk material design bigquery jetpack compose java projects employee engagement program designed and implemented quarterly employee engagement surveys and action plans improving retention by languages punjabi tamil,0.16564086741199288,16.56,HR Executive,18
Ikshita Mahal,HR,low,0,MA HR,"Compliance, Labor Law, Payroll, PostgreSQL, dbt, Room Database, MySQL, Unit Testing",,"Name: Ikshita Mahal
Email: jairaj98@example.com | Phone: 05240415747 | Location: Hyderabad

EDUCATION
MA HR — Lovely Professional University (2020)

SKILLS
Compliance, Labor Law, Payroll, PostgreSQL, dbt, Room Database, MySQL, Unit Testing

PROJECTS
• Campus Recruitment Drive: Managed end-to-end campus recruitment for 200+ engineering colleges, resulting in 150 successful hires in 3 months.
• HRMS Implementation: Led the implementation of Darwinbox HRMS across 5 departments, reducing manual HR processes by 40%.

LANGUAGES
Gujarati, Telugu",name ikshita mahal email phone location hyderabad education ma hr lovely professional university skills compliance labor law payroll postgresql dbt room database mysql unit testing projects campus recruitment drive managed end to end campus recruitment for engineering colleges resulting in successful hires in months hrms implementation led the implementation of darwinbox hrms across departments reducing manual hr processes by languages gujarati telugu,0.13512432365236426,13.51,HR Executive,19
Saksham Yohannan,HR,low,0,B.Com,"HRIS, Compensation & Benefits, Conflict Resolution, Pandas, NLP, Data Visualization, Navigation Component, ViewModel",,"Name: Saksham Yohannan
Email: anita21@example.net | Phone: 9330833016 | Location: Hyderabad

EDUCATION
B.Com — Amity University Noida (2024)

SKILLS
HRIS, Compensation & Benefits, Conflict Resolution, Pandas, NLP, Data Visualization, Navigation Component, ViewModel

PROJECTS
• Campus Recruitment Drive: Managed end-to-end campus recruitment for 200+ engineering colleges, resulting in 150 successful hires in 3 months.

LANGUAGES
Punjabi, Telugu, Hindi",name saksham yohannan email phone location hyderabad education b com amity university noida skills hris compensation benefits conflict resolution pandas nlp data visualization navigation component viewmodel projects campus recruitment drive managed end to end campus recruitment for engineering colleges resulting in successful hires in months languages punjabi telugu hindi,0.09703814646565258,9.7,HR Executive,20
